AAK1_S637,0.168192825153
AAK1_S678,-0.552260511153
ABCF1_S109,0.0163841975707
ABCF1_S228,-0.0313530424036
ABCF1_T108,-0.21730203103
ABI1_S183,0.00944820378267
ABI2_S224,0.272325186828
ABL2_S620,-0.111251531574
ABL2_S631,-0.275790739351
ABL2_T938,-0.370995979644
ABLIM1_S216,-0.337331215403
ABLIM1_S431,0.182373313921
ABLIM1_S452,0.0570708150616
ABLIM1_S587,0.152081191468
ABLIM1_S655,-0.0774188937466
ACACA_S29,-0.197136625796
ACIN1_S1004,0.162664851197
ACIN1_S216,-0.188263778897
ACIN1_S490,-0.0581034872833
ACIN1_S710,-0.334816047212
ACLY_S455,-0.122130608635
ACSS2_S30,0.101552945336
ADARB2_S123,-0.454659596005
ADD1_S12,0.146778094634
ADD1_S358,0.336238402593
ADD1_S465,0.280665639593
ADD3_S42,0.527864508934
ADD3_S681,0.203018952394
ADGRA1_S8,0.0394750823007
AEBP2_S206,-0.0248090959362
AFAP1L2_T561,0.0192982073693
AFAP1_S264,0.815806781053
AFAP1_S668,0.175436375602
AFDN_S1182,-0.105333291683
AFDN_S1275,0.0799172323455
AFDN_S1779,0.0709228879697
AGFG1_S181,-0.0217776453953
AGPS_T11,0.0214195485584
AHCTF1_S1944,0.053160511321
AHNAK2_T298,-0.97866069821
AHNAK_S1286,-0.674277718362
AHNAK_S135,-0.231533209358
AHNAK_S177,0.171676325635
AHNAK_S210,0.154282708678
AHNAK_S2397,-0.213078858239
AHNAK_S3412,0.0999326571811
AHNAK_S3426,0.0232434180063
AHNAK_S41,-0.315632274809
AHNAK_S4960,-0.166399979638
AHNAK_S5077,-1.94115840636
AHNAK_S5099,-0.369292573686
AHNAK_S511,0.0820161954511
AHNAK_S5110,0.127980464851
AHNAK_S5400,-1.05214486251
AHNAK_S5448,0.368027563833
AHNAK_S5552,-0.448987746942
AHNAK_S572,-0.115963053771
AHNAK_S5731,-0.158898993466
AHNAK_S5739,0.265246882551
AHNAK_S5763,0.23259154836
AHNAK_S5782,0.278131141995
AHNAK_S5784,-1.38515678705
AHNAK_S5793,0.054380025689
AHNAK_S5841,0.254823670577
AHNAK_S93,0.26299592259
AHNAK_T4100,0.414591664022
AHNAK_T4766,0.000944006580352
AHNAK_T490,-0.166601815663
AHNAK_T5796,0.181503775836
AHSG_S138,-0.0883725356051
AJUBA_S119,-0.120442230483
AJUBA_S137,-0.13253804058
AJUBA_S263,0.229025700675
AKAP12_S1331,0.379122064443
AKAP12_S286,0.312465120823
AKAP12_S371,0.649316064528
AKAP12_S381,0.327588207621
AKAP12_S514,0.41031278762
AKAP12_S598,0.142564690394
AKAP12_S627,0.527355845913
AKAP13_S1600,0.399828308151
AKAP13_S2728,0.0822758426308
AKAP2_S152,0.345943036129
AKAP2_S393,0.573450146601
AKAP2_S630,0.470349002836
AKAP2_S720,0.329641499687
AKAP2_S778,0.41113870985
AKAP2_T746,0.339822280374
AKAP8_S339,-0.164474656714
AKIRIN2_S21,0.0415977563837
AKT1S1_S183,-0.321593505361
AKT1S1_T246,-0.385155246222
ALS2_S1464,-0.0713569781701
ALS2_S492,0.035367857712
ANAPC1_S688,0.0338116592268
ANK2_S3823,-0.295923290505
ANKHD1_S1679,-0.606005704296
ANKRD17_S1709,0.38925828882
ANKRD17_S2067,0.5552577488
ANKRD17_S2401,0.607112610223
ANLN_S323,-0.289963214982
ANLN_S54,-0.501693708492
ANLN_S792,-0.451520234971
ANOS1_T344,-1.39802502334
ANP32B_T244,0.258013142123
ANXA1_S5,-0.0623383465299
AP3B1_S276,0.0251804889149
AP3D1_S829,0.118910988134
APBB2_S123,0.401608447827
API5_S462,0.129712971926
API5_S464,-0.0839985374497
APIP_S87,-1.07849034082
APOO_S34,-0.500453474348
ARFGAP2_S201,-0.0712017100768
ARFGEF2_S227,-0.148727885775
ARFGEF2_S277,0.115203413659
ARGLU1_S77,-1.60890749361
ARHGAP12_S165,0.220638680798
ARHGAP17_S575,0.0619555704637
ARHGAP17_S676,-0.013583757145
ARHGAP1_S51,-0.630415336581
ARHGAP29_S1019,0.320081222712
ARHGAP29_S1029,0.349933232532
ARHGAP29_S1185,0.0153307963148
ARHGAP29_S589,0.679149287666
ARHGAP29_S949,0.562843085997
ARHGAP39_S302,-0.361368824803
ARHGAP5_S1218,-0.135992719991
ARHGEF17_S914,1.33097165882
ARHGEF2_S151,0.150895847133
ARHGEF2_S645,0.148792793864
ARHGEF2_S932,-0.876929078061
ARHGEF40_S262,0.170167043477
ARHGEF5_S1126,0.889033382816
ARID1A_S357,0.161792471223
ARID1A_S696,0.389864805524
ARID3A_S119,0.402364139275
ARL6IP4_S271,-0.345035637409
ARPP19_S23,-0.309463589138
ARRB1_S412,0.170729125587
ASAP2_S701,0.385670373347
ASAP2_S822,-0.763244637222
ATAD2_T130,-0.152058337402
ATF2_S112,0.414704499668
ATF7IP_S113,-0.0803811154714
ATP10A_S515,0.397991040568
ATRIP_S221,-0.374443214926
ATRX_S598,0.212109988879
ATRX_S677,0.478565346927
ATXN2L_S111,0.210364947397
ATXN2L_S335,0.140884289229
ATXN2L_S341,0.0985990733139
ATXN2L_S634,0.102906430268
ATXN2L_S684,0.411748345212
BAG3_S173,0.333735100817
BAG3_S289,0.345440125633
BAG3_S385,0.38629483041
BAG3_S386,0.3891571774
BAG6_S113,-0.0712259256076
BAG6_S964,-0.0295251648881
BAG6_S973,0.228567891542
BAG6_S99,0.23477756264
BAIAP2L1_S261,-0.113193170955
BAIAP2L2_S465,-1.09021191046
BAP18_S96,-0.666853061056
BAP1_S520,-0.307337838573
BASP1_T36,0.940951083029
BAZ1A_S1283,0.214848084348
BAZ1B_S1468,-0.0150668597384
BCKDHA_S337,0.733178119726
BCKDHA_S347,0.413653308466
BCKDHA_T338,0.68312561457
BCKDK_T32,0.00618605289018
BCL9_S687,-0.151445386088
BCLAF1_S177,-0.414465669716
BCLAF1_S222,0.410328487837
BCLAF1_S285,-0.397286370775
BCLAF1_S287,0.0180574658395
BCLAF1_S290,0.247026230201
BCLAF1_S385,0.433434106796
BCLAF1_S397,-0.144047596005
BCLAF1_S496,0.496171427948
BCLAF1_S512,-0.0593260849846
BCLAF1_S648,-0.0238236197396
BCLAF1_S658,-0.010843987479
BCLAF1_S660,-0.505806096097
BICC1_S633,-0.0245003926442
BICD2_S582,0.0243338182926
BIN1_S296,-0.0349673627477
BIN1_S298,-0.0697747547135
BIN1_S331,-0.863066219088
BIN1_S333,-1.67057624625
BOD1L1_S1531,0.178053998519
BRAF_S363,-0.349711114938
BUD13_S325,0.0694080738198
BYSL_S98,0.067948323306
C11orf84_S308,-0.25631377825
C15orf52_S201,0.129529415908
C18orf25_S145,0.599547555451
C18orf25_S66,0.309733866034
C1orf226_S223,-0.231091699778
C1orf52_S158,0.0397601258596
C2CD3_S2132,0.134164682278
C6orf106_S215,-0.0611945200112
C9orf142_S148,-0.170712309691
C9orf78_S261,0.128348857467
CA2_S219,-0.195210699381
CAAP1_S203,-0.0252286921718
CACNA1C_T1953,-0.229418283197
CAD_S1859,-0.0439203963673
CAMSAP1_S1080,-0.339568745902
CAMSAP2_S1148,-0.201191472113
CAMSAP2_S416,0.507818152776
CAMSAP2_S464,-0.195155734783
CAMSAP2_S611,0.0624546632157
CANX_S554,-0.150865917307
CANX_S564,-0.205841318662
CANX_S583,-0.457568548494
CANX_T562,-0.0734316258255
CAP1_S301,-2.46149048709
CAP1_S310,-0.58019462046
CARHSP1_S41,0.0112040843384
CARHSP1_S52,-0.201772456045
CARMIL1_S1094,-0.455727367336
CARMIL1_S1315,-0.183332454015
CARMIL1_S968,-0.809659219338
CARMIL1_T1228,-0.767772005224
CAST_S243,-0.319349390448
CBL_S17,-0.380341242686
CBX1_S89,-0.0651169449136
CBX1_S91,0.570054578019
CBX3_S95,0.0880752306221
CBY1_S20,0.65267189139
CCAR2_S678,0.359136564658
CCDC6_S244,0.0363756189301
CCDC6_S419,-0.131284316475
CCDC86_S102,0.0751447149257
CCDC86_S18,-0.110134526441
CCDC86_S47,-0.253267114045
CCDC86_S58,-0.0960054371836
CCDC86_S91,-0.0374682048864
CCDC88A_S1702,0.330919858273
CCDC8_S261,0.252602053437
CCNL1_S352,-0.199007211289
CCNYL1_S344,0.377369277069
CCNY_S326,0.420570318193
CCP110_S641,-0.270814618587
CD2AP_S234,-0.177347941574
CD2AP_S458,0.102924858288
CD2AP_T512,0.0302028158456
CD2BP2_S195,0.132157216967
CD2BP2_S49,0.18506632228
CD3EAP_S285,-0.0717154469319
CD44_S706,-0.0125264750069
CDC20_T70,-0.560246660984
CDC42BPB_S1690,0.510173235831
CDC42EP1_S192,-0.0214969059478
CDC42EP4_S64,-0.102926280864
CDC6_S45,0.955482351509
CDCA5_S21,0.131178521261
CDK12_S423,0.233716434325
CDK16_S138,-0.230086928316
CDK16_S153,-0.1517307021
CDK17_S180,0.27763032044
CDK17_S9,0.109921197202
CDK18_S12,-0.0141505242266
CDK18_S130,0.0818927525183
CDK18_S87,-0.319118906149
CDK18_S96,0.129227063906
CDK7_S164,-0.224826807198
CDK7_T170,-0.110520958057
CEBPZ_S629,0.0547116931389
CENPF_S3150,-0.421351956353
CEP170_S1112,-0.552721237406
CEP170_S838,-0.664081989009
CEP55_T430,-0.05641757999
CGN_S131,-0.523443774599
CGN_S149,-0.33484181749
CHAMP1_S217,0.416668901607
CHAMP1_S416,-0.462117071764
CHAMP1_S427,-0.207538388913
CHAMP1_S445,0.312176878708
CHAMP1_S476,0.230198816081
CHAMP1_S507,-0.0602427754328
CHCHD3_S50,0.256134789233
CHD4_S1537,0.141787287254
CHMP2B_S199,0.606662901244
CHMP3_S200,0.0731789970586
CIAPIN1_S183,-0.570582600725
CILP_T292,-0.19968074586
CLASP1_S600,0.41785964324
CLASP2_S370,0.0838088110622
CLCA4_S316,-0.0268334571278
CLINT1_T294,-0.426774526638
CLIP1_S147,-0.250225365429
CLIP1_S204,-0.353204297222
CLIP1_S510,-0.0444905534036
CLK3_S157,-0.0689528171517
CLK3_S283,0.0111310202773
CLNS1A_S102,0.400970961842
CLTA_S105,0.1791108928
CMPK1_S180,0.67457744326
CNOT4_S432,0.0438459849918
COIL_T303,0.341069703224
COL19A1_S81,-0.144463034094
COPA_S359,-0.841296756637
COPB2_S859,-0.0383659637427
CRTC3_S370,0.153581278809
CSNK1E_S363,0.30392969083
CSRP1_S192,0.080482234986
CSTF3_S691,-0.0532532085536
CTBP2_T433,-0.0266694978531
CTNNA1_S641,0.151803185741
CTPS1_S562,0.313589614147
CTPS1_S574,-0.473009819822
CTPS1_S575,-0.704432921753
CTR9_S970,0.104803956282
CTR9_T925,-0.041705894141
CTTNBP2NL_S488,0.25712801828
CTTNBP2NL_S568,-0.304257745263
CTTN_S418,-0.566349665717
CTTN_T401,0.0958655061437
CWC22_S829,-0.693084181972
DAB2_S401,-0.374481909087
DAOA_S37,-0.644237171454
DAP_S51,-0.192003896013
DAXX_S495,0.321047092515
DBN1_S142,-0.14513743869
DBN1_S337,-0.364823671999
DBNL_S275,-0.081222955258
DBNL_T291,-0.236280733883
DCAF8_S99,-0.712822737816
DCP1A_S353,-0.450951919755
DCTN1_S595,0.479036590167
DDB2_S26,-0.230946552026
DDX20_S714,-0.399072690454
DDX21_S121,-0.115954911743
DDX21_S71,-0.113444508158
DDX42_S185,-0.0789153088965
DDX46_S804,-0.18214378097
DDX51_S83,-0.0874995359574
DDX54_S75,-0.176309679253
DDX54_S782,0.159385260565
DEK_S32,0.103272137064
DENND4C_S1061,0.225100980601
DENND4C_S863,-0.143248019629
DENND4C_S989,0.625351944715
DENND4C_T60,-0.416723664389
DENR_S73,0.0176686861631
DFFA_S315,0.130598041087
DGCR8_S377,-0.212118292368
DHX57_S127,0.275591229553
DHX57_S132,0.2158909553
DIP2B_T104,-0.35041853911
DKC1_S494,-0.00139991492598
DKC1_T497,-0.165901218382
DLC1_S842,0.00215237806907
DLG1_S448,0.694929575055
DLGAP4_S666,0.943925815045
DMD_S1015,-0.454659596005
DNAJB6_S277,-0.228496672785
DNAJC5_S10,-0.257334823375
DNM1L_S616,-0.177332361794
DNPH1_S169,-0.729740999326
DNTTIP2_S117,-0.513938202539
DOCK10_S1602,-0.395395977973
DOCK7_S1432,0.515447727539
DPYSL2_T509,-0.0956746995849
DPYSL3_S522,-0.359621673489
DPYSL3_T509,-0.393907312522
DSN1_S57,0.0265261282198
DSP_S22,0.296355726216
DSP_S2209,-0.0474467342623
DSP_T2612,-0.102232698347
DST_S2215,0.704124614237
DTD1_S197,-0.31283944483
DTX3L_S532,-0.504356622055
DUS4L_T9,-0.0362784988825
DYNC1LI1_S207,0.0549309638007
DYNC1LI1_S510,-0.32447578637
DYNC1LI2_S194,0.228722158794
DYRK2_S22,-0.0209870996568
EAF1_S165,0.245726940312
EDC3_S131,-0.0131303044219
EDC3_S161,0.257921682366
EDC4_S723,0.0941136055082
EDC4_S729,-0.0293265987783
EDC4_S879,0.099806462767
EEF1B2_S106,0.190020904323
EEF1D_S133,-0.151576656856
EEF1D_S162,0.0948027017667
EEF2K_S470,0.331566778758
EFHD2_S74,0.206117978334
EGLN1_S125,-1.85923236411
EHMT2_S140,0.619299446065
EIF2A_S506,-0.148255159833
EIF2B5_S544,0.40080618997
EIF3B_S164,-0.0348064721733
EIF3B_S81,-0.0602403082691
EIF3C_S39,0.0321542523974
EIF3G_S42,0.422292279648
EIF3J_T109,-0.367330684009
EIF4B_S422,-0.109808067135
EIF4B_S459,0.200451389676
EIF4B_S504,0.413610138861
EIF4EBP1_S83,-0.999298984212
EIF4EBP1_T70,-0.0123253571448
EIF4EBP2_T46,0.183094536862
EIF4ENIF1_S564,-0.270477292267
EIF4ENIF1_S951,-0.43377938251
EIF4G1_S1187,-0.112739605931
EIF4G1_S1194,0.141486345708
EIF4G1_T1211,1.26399727921
EIF4G2_S395,0.295351826353
EIF4G2_T508,0.245305487167
EIF4G3_S495,-0.185426464959
EIF5B_S113,-0.0558789650257
EIF5B_S137,0.129714007411
EIF5B_S164,0.137655067133
EIF5B_S214,-0.15209783573
ELAC2_S199,-0.113451493246
ELFN2_T437,0.340461229305
ELMO2_S181,-0.587343064905
EML4_S144,0.0587223019448
EML4_S146,0.449738804522
ENAH_T489,-1.48419730591
ENSA_S109,-1.21842735754
EPB41L1_S430,-0.0887340911286
EPB41L1_S544,0.0809138744483
EPB41L1_S648,-0.383350013767
EPB41L1_S650,0.0301755903615
EPB41L1_S784,-0.0190921997948
EPB41L2_S598,-0.965932716363
EPB41L2_S718,-0.0207631057151
EPRS_S886,-0.314546881049
EPS15L1_S229,0.36010247231
EPS15L1_S255,0.199679249042
EPS15L1_T776,0.0160148189764
EPS15_S324,-0.607333225936
EPS15_S563,-0.0378305962747
EPS15_S814,0.335853760826
EPS8L2_S459,-3.04391788851
EPS8L2_S479,0.0700027933923
ERCC5_S384,0.0915686009046
ESF1_S153,-0.383745682089
ETV6_S213,-0.241141115947
EXOSC9_S306,0.102533230876
FAF1_S582,-0.0253944668824
FAM109A_S179,-0.226572001453
FAM122A_S37,0.091453559969
FAM122A_S62,-0.166391038736
FAM122A_S76,0.0503695875685
FAM129B_S574,0.350130065675
FAM129B_S665,0.200398843117
FAM129B_S691,0.124900051655
FAM129B_S692,0.188178072123
FAM171A1_S524,-0.00319186314887
FAM53C_S162,-0.0811973796382
FAM83H_S870,0.100530513475
FAM83H_S881,0.0676010812736
FAM83H_S914,0.425489819917
FARP1_S427,0.0366916081132
FARP1_S872,-0.171168607236
FARP1_T24,-0.0839183170475
FCHO2_S387,-0.0399777016252
FCHO2_S394,0.0813751323787
FCHO2_S403,0.194144876103
FCHO2_S533,-0.439694613286
FILIP1L_S791,1.01749358967
FIP1L1_S259,-0.492973098113
FIP1L1_S492,0.137943987851
FIP1L1_T494,-0.0160239215746
FKBP15_S960,-0.0761930586682
FLNA_S1084,-0.131993272467
FLNA_S1459,0.0544156818947
FLNA_S2152,0.136879101198
FLNA_S2180,0.924856393594
FLNA_S2327,0.375640148274
FLNB_S2478,0.402015189948
FLNB_T2134,-0.0731587239831
FN3K_S300,0.0661343943217
FNBP1_S296,0.468847225282
FNBP4_S18,0.05408353826
FNDC3B_S208,-0.0969499923467
FOSL2_S200,-0.131552848957
FOXK1_S420,0.123696314403
FOXK1_S445,-0.033295339985
FOXK2_S398,-0.266544175424
FRMD4A_S795,-0.0659412191332
FRMD6_S544,-0.175833101057
FRYL_T1959,-0.256790636197
FTH1_S179,0.0961785219857
FTSJ3_S584,-1.31335310855
FYTTD1_S16,0.313537694337
G3BP1_S149,0.0188704375251
G3BP1_S232,0.0911811584911
G3BP2_T227,0.48018980398
GAPDH_S83,-0.934351944791
GARNL3_T827,0.156333289519
GBF1_S1298,-0.389073274337
GBF1_S1318,0.297193439296
GEMIN5_S778,0.488331002972
GFPT1_S261,-0.24781619615
GIGYF2_S160,0.143792502933
GIGYF2_S374,-0.351480449614
GIGYF2_S376,-0.301130910656
GIT1_S362,-0.145211507861
GNL1_S51,0.584774133167
GOLGA4_S266,0.211372624861
GOLGA4_S40,0.147857364472
GOLGA4_S71,0.219326515041
GOLGA4_S89,-1.86196133922
GPATCH8_S740,0.221764484105
GPC5_T5,-1.08353294916
GPN1_S314,-0.129891522132
GPN1_S338,-0.0210271404243
GREB1L_S228,2.55754423382
GRIP1_S43,-0.084121085134
GRIPAP1_S692,0.0539735162365
GTF2F1_S385,-0.427633318931
GTF3C2_S893,-0.0587217775026
GTPBP1_S25,-0.32618865496
GTSE1_S536,-0.80949921202
GTSE1_S575,-0.31831335153
GUCY1B2_S150,0.520810015037
H1FX_S31,0.654327286187
H1FX_S33,-0.407988733205
HABP4_S108,0.0617660724415
HCN2_S146,0.357485247639
HDAC2_S394,-0.0150811607604
HDAC7_S487,-0.0287611357311
HDGFRP2_S454,0.0436604559225
HDGF_S133,-0.557449683339
HDGF_S165,-1.06320598188
HDLBP_S31,-0.0924843536309
HECTD1_S632,0.773093513747
HEMGN_T82,0.134816896895
HIRIP3_S196,0.443604549729
HIRIP3_S227,-0.47685198883
HIST1H1E_T18,0.0589513028667
HJURP_S473,1.88112101943
HK1_S438,-0.291400970334
HMGA1_S36,-0.579346593075
HMGA1_T53,-0.53430716595
HMGA2_S44,0.0418677732796
HMGCS1_S495,-0.808095790961
HMGN1_S89,-0.0833704208875
HN1L_S97,-0.188753761068
HN1_S87,0.180324940376
HN1_S88,-0.178239255359
HNRNPA1_S6,-0.194500834266
HNRNPA3_S358,-0.24144172876
HNRNPA3_S43,0.78690999608
HNRNPC_S233,-0.037784759697
HNRNPC_S253,0.259032755021
HNRNPC_S260,0.120303905708
HNRNPC_S299,0.122522130336
HNRNPD_S80,0.372837802365
HNRNPD_S82,-0.195100486153
HNRNPD_S83,-0.103458632101
HNRNPK_S216,-0.193492812282
HNRNPK_S284,-0.051431745214
HNRNPK_S379,-0.153325752349
HNRNPK_T118,-0.49604327305
HNRNPM_S528,-0.271493333955
HNRNPUL2_S161,0.953554778735
HNRNPUL2_S228,0.995945438859
HNRNPU_S271,-0.635000998476
HNRNPU_S59,-0.623128022932
HS1BP3_S249,-0.208895173222
HSF1_S314,-0.446034165445
HSF1_T357,-0.781292751815
HSP90AA1_S231,0.499210089977
HSP90AA1_S252,0.0512014421927
HSP90AA1_S263,0.370715899733
HSP90AB1_S226,0.561991965036
HSPB1_S15,0.428187445331
HSPB1_S82,0.145881731166
HSPH1_S809,-0.983643909668
HTATSF1_S616,0.0377729987182
HTATSF1_S624,-0.0766104753164
HTATSF1_S642,-0.138358997954
HTATSF1_S676,-0.0843305922677
HUWE1_S1907,0.306315250345
IARS_S1047,-0.331627207364
IBTK_T296,0.0136148406056
IGF2BP2-AS1_S27,-0.0224761726725
IGF2BP2_S164,0.522970730062
IGF2R_S2484,-0.295958096297
ILF3_S382,0.097711863659
ILF3_T486,-0.00475445659776
IMPDH1_S160,-0.372070773461
IMPDH2_S160,-0.372070773461
IMUP_S29,-1.12537970793
INCENP_S263,-0.0742356477719
INF2_S1188,0.918201158289
INF2_S372,0.381182641891
IRF2BP2_S175,-0.500446076676
IRF2BP2_S360,-0.769554196257
IRF2BP2_S71,-0.454358154636
IRF2BPL_S547,0.07373174712
IRS2_S1176,0.654275198317
IRS2_S1203,0.997594363861
IRS2_S306,0.0469639389959
IRS2_S619,0.590296299398
IRS2_S915,0.715485726525
IRS2_S973,1.24084317974
ITPR1_S1577,-0.0152399958474
ITSN1_S904,0.300104468246
ITSN2_S889,-0.283471644935
IWS1_S235,0.325579373708
IWS1_S248,0.447359741473
IWS1_S377,0.0450678828412
JUN_S63,-0.229327025157
KANK1_S325,-0.198969404458
KANK2_S375,1.16959012166
KEAP1_T112,-0.0474467342623
KHDRBS1_S20,-0.187767059599
KHSRP_S181,-0.0984557028012
KIAA1143_S50,0.0273759430839
KIAA1462_S1044,-0.964179103295
KIAA1468_S180,1.80708005621
KIAA1522_S342,0.235986695371
KIAA1522_S545,0.199765697986
KIAA1522_S929,0.290954857077
KIAA1671_S1701,-0.0980716417228
KIAA1671_T600,0.0401793199042
KIF23_S867,-0.661301204645
KIF4A_S801,-0.0976157558413
KIFC2_S342,0.00368410971409
KLC1_S521,0.242308777593
KLC2_S582,-0.42394170554
KLC3_S466,0.717981163863
KLC4_S590,-0.216521618617
KPNA2_S62,-1.35433950756
KPNA3_S60,-0.443619558438
KRI1_S177,-0.0028857045447
KRT19_S35,0.302109931218
KRT26_S14,0.401614893287
KRT8_S37,0.214848084348
KRT8_S43,0.214052653829
KRT8_S475,0.0478585837917
KRT8_T26,0.0194308949196
LAMB1_S192,-0.0370851625382
LARP1_S143,-0.19575247831
LARP1_S548,-0.0788737264025
LARP1_S774,0.0539019932535
LARP1_S90,-0.218168197894
LARP1_T526,-0.649114933609
LARP4B_S601,0.111084343761
LARP4_S643,-0.431663986554
LARP6_S409,-0.0158974896645
LARP7_S261,-0.0510796597302
LARP7_S299,-0.244805032362
LAS1L_S617,0.00951872550037
LASP1_S146,0.289622458639
LASP1_T104,-0.053743839828
LATS1_S464,0.0288384831359
LCP1_S257,-1.06955258483
LCP1_S5,-1.07394506924
LCP1_T291,-0.903313208203
LEO1_S630,-0.0154022987387
LEO1_S658,-0.146478027955
LIG1_S141,-0.0864276099967
LIG1_S51,0.305386406051
LIG1_S76,-0.104655710125
LIG1_T195,-0.273091057769
LIG3_S210,0.0213597478947
LIG3_S242,-0.0461754460299
LIMA1_S225,0.143370559948
LIMA1_S362,0.0126306922403
LIMA1_S374,-0.119313361142
LIMA1_S490,0.169072411581
LIMA1_S609,-0.0673454920435
LIMA1_S686,0.0130312893013
LIMA1_S698,0.0197782589025
LIMCH1_S523,0.240814484634
LIMCH1_S670,0.126974241981
LIMCH1_S718,0.376041388463
LIMCH1_S973,0.407712661599
LINC00305_T65,-1.04236590722
LMNA_S22,-0.240256588184
LMNA_S390,-0.215952651556
LMNA_S392,-0.0474325160075
LMNA_S407,-0.398630988444
LMNB1_S23,0.0585538725923
LMO7_S1510,0.0392344507107
LPIN2_S243,1.73171973626
LRPPRC_S1302,0.195955712277
LRRFIP1_S521,-0.0611332883872
LRRFIP1_S714,-0.633800840568
LRRFIP1_S733,-0.470287983127
LRRFIP1_T525,-0.341542008298
LRRFIP2_S328,0.300732948754
LRRFIP2_S333,0.0320673319078
LRWD1_S212,0.0665752880485
LRWD1_S243,-0.329848238589
LSM12_T75,0.73708004801
LSM14A_S183,0.0322248637943
LSM14A_S192,0.0580912517942
LSM14A_S216,-0.150790565417
LSM14A_S227,0.130614346866
LSM14A_T194,0.266583232246
LSR_S464,-0.0593682280019
LUZP1_S659,0.0715365460583
LYN_S13,-0.235714704466
MACF1_S3927,0.231870974734
MAF1_S75,0.0580696774214
MAP1B_S1016,0.35546230628
MAP1B_S1208,-0.101952766774
MAP1B_S1265,0.259938424319
MAP1B_S1298,-0.0173987969977
MAP1B_S1378,-0.0175582298028
MAP1B_S1400,0.0614444707022
MAP1B_S1427,0.107353305657
MAP1B_S1501,0.15430961785
MAP1B_S1666,-0.0789986549448
MAP1B_S1779,0.0846733517375
MAP1B_S1785,-0.106596466351
MAP1B_S1793,0.13461133938
MAP1B_S1881,0.345346488006
MAP1B_S1915,-0.428218947197
MAP1B_S1917,0.0764295748615
MAP1B_S1965,-0.359821015763
MAP1B_S2098,0.833260967717
MAP1B_S832,0.298598475966
MAP1B_S937,0.194598671285
MAP1B_T1503,0.0484463540676
MAP1B_T1680,0.323239398541
MAP1B_T1913,-0.483117345533
MAP1B_T1949,0.00700730127741
MAP1S_S657,0.0382984833769
MAP1S_S731,0.201758152711
MAP1S_S763,0.0992649534939
MAP2K2_S23,-0.860148802449
MAP2K2_T394,-0.63024850966
MAP2_S1782,0.897532050012
MAP3K2_S164,-0.0662168322994
MAP3K7_S389,-0.0960160411562
MAP4_S1073,0.275013571713
MAP4_S280,0.00396594190035
MAP4_S507,0.219951455701
MAP4_S787,-0.146892242575
MAP4_S789,0.198922393088
MAP4_S928,0.153342964818
MAP4_S941,0.469903396434
MAP4_T521,0.292023732507
MAP4_T571,0.0592852632052
MAP7D1_S116,0.412969112751
MAP7D1_S399,0.199308535384
MAP7D1_S460,-0.119044349896
MAP7D1_T813,-0.498013156002
MAPK1_T185,-0.139635195448
MAPT_S438,-0.423263124463
MAPT_T720,0.253117646273
MARCKS_S101,1.14374860523
MARCKS_S170,0.204466432176
MARCKS_S26,0.867308246728
MARCKS_S27,0.850781559111
MARCKS_S46,1.22847472566
MARCKS_S77,0.764940597507
MARCKS_T150,0.754783432832
MARK2_S456,-0.0718853822401
MARK2_S486,0.0126690485163
MARK3_S469,0.672109982817
MARS_S825,-0.263032995818
MATR3_S188,-0.0268334571278
MATR3_S195,-0.67639583621
MATR3_S598,-0.302402216346
MATR3_S604,0.0730560773028
MATR3_S747,0.0044291711531
MCM2_S139,-0.227505507263
MCM2_S27,-0.241128734516
MCM2_S41,-0.407710110635
MCM3_S711,-0.0496968970823
MCRIP1_S21,-0.0323305192474
MCRIP1_S24,-0.0444126325475
MDC1_S376,-0.191960470178
MECP2_S80,0.63084426341
MELK_S505,0.0298557891466
MEPCE_S254,-0.0507368897227
MFAP1_T267,0.324754285216
MFF_S157,-0.267068749551
MFF_T138,-0.552999549498
MGMT_S201,0.720113538338
MICAL3_S1156,0.186394557621
MICAL3_S1310,-0.213601717834
MICAL3_S1704,-0.183627002149
MICAL3_T1651,0.149236804741
MICALL1_S486,-0.280639963066
MICALL1_S578,-0.022689073511
MICALL1_S621,-0.284964844234
MICALL1_S640,-0.123644076619
MIEF1_T61,-0.50068581999
MINK1_S763,-0.0853761785912
MISP_S394,0.364924510648
MISP_T377,1.19360383991
MKI67_T2781,-0.530434406033
MLF2_S238,-0.246152910842
MORC2_S615,-0.325561675402
MPHOSPH10_S242,0.121254695547
MPHOSPH8_S51,0.394357352321
MPRIP_S993,0.524167670616
MS4A6E_S63,-0.101137238975
MSH6_S227,0.37703729907
MTCL1_S1808,0.776328734586
MTCL1_S263,0.686867835945
MTCL1_S776,0.75074486467
MTDH_S426,0.333978675137
MTFR1L_S103,-0.536467828258
MTFR1L_S238,-0.684886123489
MTMR3_S613,-0.521410432223
MTOR_T1162,0.1791108928
MTSS1L_S456,0.443592950792
MTSS1L_S579,0.304521886997
MTSS1L_S612,0.538757151062
MVP_S873,-0.249748764379
MXRA7_S144,-0.953398200646
MYBBP1A_S1163,-0.00443098555574
MYBBP1A_S1267,0.199054123686
MYEF2_S17,0.503704401559
MYH10_S1956,0.246133835356
MYH9_S1943,0.162403629809
MYO18A_S140,-0.061338135301
MYO18A_S1970,0.762569332528
MYO18A_S2020,0.0638290149103
MYO18A_S2031,0.225470270821
MYO9B_S1290,0.27646888942
MYO9B_S1405,-0.0400368544762
NAA10_S186,-0.332177213888
NAA10_S205,0.457016055743
NAA25_S691,0.109921197202
NAA30_S55,0.0604438243387
NACA_S166,0.196563019112
NAP1L1_T62,0.210304589961
NAP1L4_S125,0.231847895063
NASP_S451,0.360344627533
NASP_S480,0.186618004478
NASP_S726,1.36528065348
NAV1_S541,0.493603557696
NAV1_S808,1.16063617471
NBN_S432,0.189910204571
NCAPG_S674,-0.209527596114
NCAPH2_S284,-0.727730600658
NCBP1_S22,-0.308428573451
NCK1_S89,-0.0197556315253
NCKAP5L_S473,1.27037546536
NCL_S67,0.199976139871
NCL_T69,0.182287732256
NCOA5_S29,0.00210448132144
NCOR1_S2120,-0.05992338314
NCOR2_S1025,0.527005389386
NCOR2_S2269,0.327246380352
NCOR2_S956,0.253552850418
NCOR2_T1391,0.257743553279
NDRG1_S330,0.571259280809
NDRG1_T366,-0.660755491267
NDRG2_S332,-0.438306064973
NEDD4L_S448,0.391960353195
NEK1_S1052,-0.34626461525
NELFE_S179,0.0655211914751
NES_S1418,1.84836918061
NES_S1577,2.24114373376
NES_S355,1.40289915367
NES_S471,1.69611727045
NES_S578,2.08689050036
NES_S680,2.16245617958
NES_S768,2.05123672376
NES_S934,2.39513796701
NES_T776,2.13852646633
NES_T845,2.30373011333
NF2_S518,-0.0444905534036
NFATC2IP_S204,0.0894677592536
NIPBL_S2658,-0.0337356202578
NKTR_S468,0.188277054513
NKX3-2_S13,-0.375184486981
NMD3_T470,-0.378644414511
NME1_S125,0.118071811658
NMT1_S47,-0.0325635756829
NMT2_S38,0.439411819096
NOB1_S201,-0.346275773756
NOL8_S365,0.35909953601
NOLC1_S538,0.430558992477
NOLC1_S563,0.712913499805
NOLC1_S623,0.00137062837655
NOLC1_S643,-0.578827300805
NOP14_S96,-0.323920700028
NOP2_S732,-0.375182122438
NOP2_S786,-0.357181856289
NOP58_S502,-0.325279042199
NPM1_S125,-0.22310857541
NPM1_S243,-0.334416450565
NPM1_S70,0.0198280785432
NPM1_T199,-0.454659596005
NRBP1_T433,0.404884292787
NRDC_S94,-1.15701334531
NSFL1C_S114,0.325452074641
NSUN2_S751,-0.626803523003
NSUN2_T453,-0.226958344764
NUCKS1_S181,0.234139751542
NUCKS1_S19,0.131455946729
NUCKS1_S214,0.118032207978
NUCKS1_S223,0.436350719888
NUCKS1_S58,0.303331599211
NUFIP2_S212,0.0676340112305
NUFIP2_S572,-0.113935857457
NUFIP2_S629,-0.0675022210471
NUFIP2_S652,0.40853951855
NUFIP2_T631,-0.0409844495904
NUMA1_S169,-0.294902143467
NUMA1_S1757,-0.00235669105535
NUP160_S1157,0.137402279815
NUP214_S678,0.264548110738
NUP98_S623,-0.0798107414125
NUP98_S888,0.205600709836
OFD1_T776,0.476436655669
OGFR_S315,0.0820260518364
OGFR_S378,0.293876764818
OSBPL11_S181,-0.0214242357603
OSBP_S240,0.0442930612301
OSBP_S351,0.00591315219999
OSTF1_S213,-0.0710979013605
OTUD4_S545,0.221067097104
OTUD5_S64,0.125349809407
OXSR1_S339,1.14518756899
PACRGL_S230,-1.06308038265
PAGE1_S105,0.121544075722
PAGE1_S63,0.054725874257
PAK4_S181,0.282011439588
PALLD_S1104,0.234187298308
PALLD_S1121,0.484321627319
PALLD_S893,-0.174878657112
PALLD_T643,0.58519403067
PALLD_T768,-0.0993365291031
PANK2_S189,-0.306194214294
PARD3_S144,-0.542396498474
PARD3_S383,-0.339479422202
PARD3_S695,0.196078823543
PARG_S137,-0.252935303789
PARN_S619,0.0278697689288
PARP4_S1335,-0.0951969673723
PARP4_T1494,-0.0572724046202
PBDC1_S197,0.244033373413
PBXIP1_S43,-0.872283472217
PCBP1_S173,-0.0332762303529
PCBP1_S189,0.0090715883379
PCBP1_S190,0.0245481988839
PCBP2_S173,0.0381969680393
PCBP2_S188,-0.212959698438
PCDHGA12_S136,-0.270814618587
PCDHGB4_T404,-0.010843987479
PCM1_S65,0.0778145954445
PCYT1A_S315,0.36952385769
PCYT1A_S343,0.637935689277
PCYT1B_S315,0.36952385769
PDCD4_S94,-0.0194731252953
PDCD5_S119,-0.403170331941
PDHA1_S232,0.524150048947
PDIA6_S428,-0.81098542705
PDS5A_S1305,-0.0316097918691
PDS5B_S1166,0.0241915704877
PDS5B_S1257,0.215669027304
PDS5B_S1283,-0.267207524633
PDS5B_S1358,-0.121946972701
PDXDC1_S718,0.312482632566
PDXDC1_S737,0.302457218728
PEA15_S116,-0.0623383465299
PEAK1_S281,0.187854192034
PEBP1_S52,1.21277695798
PELP1_S481,0.161543600842
PEX19_S147,-0.933338746846
PFKP_S386,-0.095437502463
PGK1_S203,-0.40163807076
PGM1_S117,-0.3931927692
PGM2L1_S175,-0.41990524773
PGM3_S64,-0.36187111602
PGM3_T62,-0.161046465842
PGRMC1_S181,0.13000082608
PGRMC1_S54,-0.167028177837
PGRMC2_S208,0.497079331387
PGRMC2_T211,0.792931079981
PGRMC2_T216,0.131885763611
PHACTR4_S118,0.0732966909475
PHACTR4_S628,0.0972346853151
PHF6_S155,0.00885536820215
PHLDB1_S461,0.311437117967
PHLDB1_S470,0.658288580497
PHLDB1_S563,0.172630561834
PHLDB2_S203,1.35237029556
PHLDB2_S334,1.25056403029
PHLDB2_S415,0.853297987415
PHRF1_S915,-0.210511447982
PI4KB_S428,-0.336595022147
PIK3C2A_S884,-0.362313352496
PKM_S37,-0.105413133981
PKN1_S562,-0.26442961231
PKN1_S916,-0.241392481924
PKN2_S583,0.312221232372
PKP4_S314,0.116584848886
PLEC_S1435,0.0239089136905
PLEC_S1721,0.397396963266
PLEC_S4386,0.224953382218
PLEC_S720,0.406846178524
PLEC_T4030,0.223494374417
PLEKHA5_T857,-0.117810773566
PLEKHA6_S777,0.0479415819597
PLEKHA6_S867,0.157613956311
PML_S36,0.113575142263
PML_S403,-0.548050987256
PML_S505,0.418661708196
PML_S518,-0.642922797734
PML_S527,-0.523465815588
PML_S530,-0.224104516291
PML_S542,-0.352130359242
PML_T22,-0.0239889041324
PML_T867,-0.553219757969
PNISR_S211,0.01042227237
PNKP_T118,-0.795134246952
PNN_S100,-0.0930243147328
PNN_S443,0.17005634647
PNN_S66,-0.183164216487
PODXL_S519,-0.0163147804156
POGZ_S425,-0.119625265867
POLD3_S307,-0.108436083915
POLR2A_S1878,-0.0716788067553
POLR2A_S1913,-0.00770241992766
POP1_S730,-0.0734713973046
PPAN_S359,-0.0913776393633
PPFIBP1_S601,0.0717508802115
PPHLN1_S205,0.287262529566
PPIG_S687,-0.354822354422
PPIL4_S178,-0.0359643760256
PPIL4_T182,0.166665868233
PPIP5K2_S1006,0.462596109184
PPME1_S243,-0.0885878439605
PPP1R10_S313,-0.461877211168
PPP1R10_S591,-0.116922694953
PPP1R12A_S299,0.450839443783
PPP1R12A_S445,0.253934126966
PPP1R12A_S507,0.0501346417135
PPP1R12A_S554,-0.193549345645
PPP1R12A_S910,0.0135803430363
PPP1R12A_S995,0.388592097526
PPP1R12A_T443,-0.105363521745
PPP1R12C_S407,0.00833667285653
PPP1R12C_S427,0.062486586247
PPP1R13L_S102,-0.210286032744
PPP1R13L_S358,-0.0559436308511
PPP1R13L_S395,0.332173220372
PPP1R13L_S526,-0.0865881078668
PPP1R18_S125,0.401598120967
PPP1R18_S224,0.223337649918
PPP1R1A_S67,-2.42106852256
PPP1R35_S45,0.279360887628
PPP2R3A_S180,-0.193484025843
PPP4R2_S226,0.12893296102
PPP6R3_S617,0.974165095419
PRC1_T481,-0.256645671788
PRKAR1A_S83,-0.172601670828
PRKAR2A_S99,-0.308982960736
PRKD2_T199,-0.41456370635
PROSER2_S179,0.0430046726088
PROSER2_S43,-0.756704667185
PRPF38A_S209,0.0578786709786
PRPF38B_S529,0.295730786499
PRPF40A_S888,0.0347376680707
PRPF4B_S257,0.405913421708
PRPF4B_S277,0.0810124288216
PRPF4B_S852,-0.131475119803
PRPSAP2_S227,-0.501086971279
PRRC2A_S1089,0.106935661088
PRRC2A_S1219,-0.0364535139705
PRRC2B_S226,0.365788991395
PRRC2B_S613,0.801104839009
PRRC2C_S1544,-0.362313352496
PRRC2C_S2105,-0.220491822418
PRRC2C_T2673,-0.207465564604
PSIP1_S106,0.173723962578
PSMA3_S250,-0.173357196189
PSMC5_S257,-0.198954139805
PSMD2_S16,-0.0163246964367
PSMF1_S153,-0.910903643958
PSPC1_S477,0.152081247687
PTGES3_S113,0.259031815579
PTK2B_S375,-0.629859175496
PTK2_S843,-0.117961042579
PTPN12_S435,-0.171423621665
PTPN12_S673,0.154043408323
PTPN23_S1126,0.0985471841849
PUM1_S709,0.0041681628871
PUM2_S136,0.0341981579427
PUM2_S182,-0.0307413060316
PURB_S101,0.109794053582
PURB_S304,0.228775382731
PWP1_S50,-0.0497100545769
PWP1_T55,0.094224638084
PWWP2A_S81,0.157074700672
PXN_S106,-0.0694037499259
PXN_S303,0.276027793936
PXN_S322,0.114367327073
PXN_S85,0.266126037601
RAB11FIP1_S202,-0.0816612989368
RAB11FIP1_S206,0.367389909144
RAB11FIP1_S357,1.59480079507
RAB11FIP1_S434,0.248584930957
RAB11FIP5_S307,0.153914981421
RAD23A_S128,-0.19163884091
RAD23B_S160,0.17625004169
RAI14_S281,-0.290775513125
RAI14_S327,0.00540111281313
RAI14_S412,-0.195653713612
RALY_S135,-0.304394155677
RALY_S288,-0.00746545083955
RANBP1_S60,0.18562289276
RANBP1_T18,-0.828162557829
RANBP2_S1400,0.0555818238461
RANBP2_S2900,0.0345256062537
RANBP2_T783,-0.335690051526
RANBP3_S108,-0.28103763455
RANBP3_S333,-0.68591935197
RAPGEF3_S864,-0.192828413372
RAPGEF6_S230,0.16733941603
RASGRF2_S746,-0.170501629578
RB1CC1_S1221,-0.499028923247
RB1_T356,-0.219465016155
RBBP6_S1179,-0.148427468841
RBBP6_T1188,0.107353305657
RBM10_S723,0.0872007443187
RBM12B_S278,-0.261674160774
RBM12B_S575,0.263987270673
RBM14_S618,-0.275168870524
RBM14_T206,-0.0040448260507
RBM15_S294,-0.0895120920392
RBM15_S700,-0.167490922353
RBM15_T568,-0.259405688748
RBM17_S155,0.0311307418186
RBM17_S222,0.0220145114858
RBM25_S583,0.288098046107
RBM25_S677,0.154094798508
RBM26_S131,0.213833524858
RBM33_S765,0.0640055306638
RBM34_S14,-0.752442428276
RBM39_S136,0.0295028498033
RBM39_S97,-0.0206035693074
RBM5_S624,0.203896058122
RBM6_S1025,-0.121284143117
RBMX2_S188,-0.0215835138971
RBMX_S352,-0.285942013547
RCC1_S11,0.0203340023227
RCOR1_S257,0.247797097866
REPS1_S482,0.263931707836
REPS1_S562,0.864074577932
RERE_S600,0.289563718952
RGS3_S806,0.0352104231637
RGS3_S943,-0.0813016652424
RGS3_S946,-0.40055175771
RGS7_S454,-0.0268334571278
RIC8A_S436,0.123791817366
RIC8A_S502,-0.256909141743
RIC8A_T441,-0.00591852643075
RIN1_S333,-0.450472951339
RIN1_S351,-1.3272932489
RIOK1_S22,-0.552210948022
RIOK2_S390,-1.96148567068
RMDN3_S46,-0.886584914928
RNF20_S136,0.167524053291
RPL12_S38,-0.809359720002
RPL13_S77,0.194512154198
RPL27A_S68,-0.0839146346592
RPL28_S115,-0.264049819868
RPL28_S37,0.0660629852961
RPL29_S158,-0.550145084463
RPL4_S295,-0.429650424004
RPP30_S251,-0.485175224286
RPRD2_S374,-0.391452256789
RPRD2_S667,-0.324956584252
RPRD2_T723,-0.579853834526
RPS11_S67,-0.787437082143
RPS15_S55,0.0851266749056
RPS3_T221,-0.282072744437
RPTOR_S881,-0.0382279012878
RPTOR_T865,0.121082807234
RRAS2_S186,-0.0180837408299
RRBP1_S1277,-0.118583913183
RRM2_S20,0.470087063671
RRP12_S1080,0.066607733086
RRP1B_S245,-0.363107293229
RRP1B_S706,-0.00154179344448
RSF1_S1345,0.31019945342
RSF1_S604,0.649746600343
RSL1D1_S427,-0.116126979659
RSL1D1_T358,-0.0942783559649
RSRC2_S32,0.0799651512772
RTKN_S106,0.303895564318
RTKN_S520,-0.210712994806
SAFB_S604,-0.587096781108
SAMD4A_S580,-0.732981733663
SAMHD1_T592,-0.302465202085
SART1_S448,-0.0393104185047
SASH1_S721,0.915306495036
SASH1_S90,-0.0121145716434
SCAMP3_S76,-0.144551323139
SCFD1_S303,-0.468197828938
SCRIB_S1220,1.90750517957
SCRIB_S835,-1.9175387733
SDAD1_S585,-0.000784552832683
SDPR_S24,0.624621529529
SEC16A_S1786,-0.193348033438
SEC16A_S1905,-0.286893150884
SEC31A_S1163,-0.0962844311254
SEC31A_S799,-0.168294820607
SEC61B_S17,-0.554484069563
SEC61B_S19,-0.285942696515
SEPT2_S218,0.0976022787848
SEPT7_S334,-0.0399224996484
SEPT9_S30,0.224566242883
SERBP1_S203,-0.473535900734
SETD2_S624,0.556860715199
SET_S7,0.346165387055
SF1_S80,-0.0118492366067
SF3A1_S329,-0.0936859353723
SF3B1_T244,-0.340953762196
SGTA_S305,-0.0745963749718
SH2D3A_S180,0.0418943454053
SH2D4A_S315,-0.0343284448878
SH3BP4_S246,0.349718214547
SH3BP4_S296,0.742696135073
SH3BP5L_S362,-1.30514063304
SH3GL1_S288,-0.210211344677
SH3KBP1_S230,0.0101619178377
SH3KBP1_S587,-0.289375958836
SHROOM3_S910,0.0149876043081
SIM2_S68,-0.179344017136
SIN3A_S289,0.109087253566
SIPA1L2_S162,-1.61645899125
SIPA1L3_S1501,0.137959080475
SIRT1_S47,0.742469037191
SKIV2L_S256,-0.0566623452654
SKP2_S64,0.905996793836
SLAIN2_S48,0.11252262701
SLC4A1AP_S312,0.109713256266
SLC4A1AP_S82,0.226338268377
SLC9A1_S693,0.636849787453
SLC9A1_S703,0.137597363235
SLC9A1_S788,0.298639253193
SLC9A3R1_S280,-0.355545116041
SLC9A3R1_S290,0.31278795255
SLC9A3R2_S280,1.32768464504
SLC9A3R2_T284,0.688892997159
SLTM_S289,0.163625634639
SLTM_S553,-0.131925623307
SLU7_S215,0.079585893286
SMAP_S17,0.249442773742
SMARCC2_S347,-0.471160137712
SMC4_S27,0.000624462823527
SMTN_S304,-0.304584917259
SMTN_S514,-0.323338182631
SNIP1_S35,-0.0701871208878
SNIP1_S52,0.329596196826
SNRNP200_S225,0.0633751768641
SNRNP70_S226,-0.116563104813
SNTB2_S110,-0.0979461817476
SNTB2_S95,-0.170522528825
SNW1_S224,-0.167161897218
SON_S1556,-0.0248388796006
SON_S1697,-0.480335923855
SON_S1769,0.0773056070614
SON_S283,0.0419174426933
SORBS3_S530,0.25039968459
SORBS3_S545,0.375504301595
SOWAHC_S213,0.0507609923525
SP100_S157,0.0682502999654
SP100_S18,-0.12151878144
SP100_S362,-0.00742193822828
SP110_S244,-0.170689455421
SP110_S256,-0.23492549186
SP110_S380,-0.0443905594583
SPAG9_S183,-1.77319948985
SPAG9_S733,-0.250645741659
SPAG9_T217,-0.365566920394
SPECC1L_S384,-0.100156119323
SPECC1_S810,0.236195283282
SPECC1_S847,0.06064933826
SPEN_S2338,0.36574702726
SPIRE1_S387,0.420337939095
SPP1_S310,-0.0781075371722
SPRR2A_S60,-2.7455426933
SPRY4_S125,-0.190126844395
SPTAN1_S1217,-0.208447378663
SPTBN1_S2102,-0.353197022552
SPTBN1_S2106,0.0236804171805
SPTBN1_S2138,0.415936713977
SPTBN1_S2341,0.145100282818
SQSTM1_S272,-0.0813303470484
SQSTM1_S28,-0.220568410183
SQSTM1_S332,0.126518764609
SQSTM1_S366,-0.503498993853
SQSTM1_T269,-0.161869381102
SRFBP1_S203,-0.468948618592
SRF_S224,-0.4148104693
SRPK1_S51,-0.34750740387
SRRM1_S260,-1.11522790727
SRRM1_S450,0.236860577048
SRRM1_S452,-0.404724030238
SRRM1_S463,0.0941491478922
SRRM1_S597,0.0331449378131
SRRM1_S616,-0.182109482996
SRRM1_S696,0.0441653445244
SRRM1_S738,-0.209024761421
SRRM1_S874,-0.131406826333
SRRM1_T416,-0.0930364112747
SRRM2_S1083,0.508998227441
SRRM2_S1103,0.185052174023
SRRM2_S1132,0.27454391379
SRRM2_S1179,-0.0918224693383
SRRM2_S1329,0.35239795849
SRRM2_S1387,0.303749237974
SRRM2_S1404,0.480146661825
SRRM2_S1694,0.406518661683
SRRM2_S1916,0.36574702726
SRRM2_S1975,0.311580712479
SRRM2_S2132,0.227023657575
SRRM2_S2272,-0.322822072958
SRRM2_S2398,0.185673054036
SRRM2_S2407,0.305176889603
SRRM2_S2449,0.347442079642
SRRM2_S2453,0.0159907525539
SRRM2_S2581,0.272580627572
SRRM2_S2702,-0.108376801093
SRRM2_S2706,1.20289275904
SRRM2_S323,0.135095809669
SRRM2_S398,0.149441240296
SRRM2_S876,-0.0438114536826
SRRM2_S894,0.253407176479
SRRM2_S994,0.0723104811456
SRRM2_T1003,0.348883568372
SRRM2_T1205,0.16025281284
SRRM2_T1531,0.276027217693
SRRM2_T1856,0.542309245113
SRRM2_T326,0.0142303742209
SRRM2_T983,0.107965548389
SRRT_S74,0.00668334639542
SRSF10_S133,-0.24177690253
SRSF11_S434,-0.0102008324551
SRSF11_S449,-0.0397881517268
SRSF11_S483,0.0459180605512
SRSF2_S26,-0.0337395685669
SRSF6_S303,-0.0463515998811
SRSF8_S100,-0.322244412183
SRSF9_S189,-0.0156770915625
SRSF9_S204,0.101420471479
SSB_S366,-0.393353225595
SSB_T362,-2.55722842356
SSFA2_S739,0.367853852888
SSH3_S37,-0.309390140601
SSH3_S9,0.29140602977
SSR1_S268,-0.042730852185
SSRP1_S444,-0.0619445183513
STAT1_S727,-2.19323349139
STIM1_S519,-0.484606059216
STIM1_S575,0.111504392126
STK10_S438,-0.140279079675
STK10_S450,-0.429019947864
STK10_S454,-0.546375719364
STK10_T952,-0.266122827138
STRIP1_S335,0.268666742088
STRN3_S229,-0.148260418617
STRN4_S276,0.450499235799
STUB1_S19,0.952403486835
STUB1_S23,-0.302081429428
STX12_S142,-0.00684567227827
STXBP5_S759,0.113514540183
SUB1_S118,-0.591492419989
SUPT6H_S125,0.00448040873704
SURF6_S138,-0.0366344047728
SVIL_S245,-0.811375987599
SYAP1_T248,-0.0890737743646
SYMPK_S1243,0.388680963238
SYNPO_S525,-0.143651649839
SYNPO_S819,-0.537923771047
SYNPO_S833,0.0683870841039
SZRD1_S107,-0.260363726186
TACC3_S71,-0.537640562104
TAF2_S790,-0.24177690253
TAOK1_S965,0.287230707499
TBC1D10B_S132,0.894401280941
TBC1D10B_S678,0.0508939620703
TBC1D15_S675,0.128706056384
TBC1D2B_S957,0.0425586552277
TBC1D2_S920,-0.312273418778
TBC1D4_S570,0.0846735401143
TBC1D4_S591,0.632211650696
TBC1D5_S539,-0.893459317855
TBC1D5_S554,-0.224534291249
TBKBP1_T64,0.36574702726
TCEA1_S100,-0.309116667974
TCEA1_S97,0.0879169888355
TCEA1_T96,-0.00750371259989
TCEAL3_S30,-0.0450872593578
TCF12_T468,0.428187445331
TCOF1_S1228,-0.865244181432
TCOF1_S1350,-0.419883039468
TCOF1_S1376,-0.91901722701
TCOF1_S1378,-0.252408881841
TCOF1_S156,-0.931440091596
TCOF1_S233,-0.745636834532
TCOF1_S381,-0.337937093302
TCOF1_S503,-0.622711769287
TCOF1_S583,-1.48577569569
TCOF1_S906,-0.393401258216
TCOF1_T914,-0.391053956523
TERF2IP_S203,-0.246290991598
TERF2_S323,-0.297906829375
TFDP1_S23,-0.075247722675
TFE3_S556,-0.0410433264167
TFPT_S180,0.277509776667
TGOLN2_S298,1.3400986524
THRAP3_S243,0.0188764397065
THRAP3_S320,0.384854012022
THRAP3_S379,-0.510163315151
THRAP3_S672,-0.669378922015
THRAP3_S682,-0.190891796297
THRAP3_S928,0.776038344035
THRAP3_S939,0.239323297391
TJAP1_S300,-0.0287684290661
TJAP1_S545,-0.0125458855694
TJP1_S125,0.210709136121
TJP1_S329,0.371857525338
TJP1_S617,0.539989845771
TJP1_S912,0.384938524144
TJP2_S1067,-1.50160361129
TJP2_S1159,-0.694247202935
TJP2_S130,-1.30518494953
TJP2_S170,-1.06063756926
TJP2_S174,-0.403772509086
TJP2_S244,-1.41892346034
TJP2_S266,-0.701176002787
TJP2_S966,-0.445260020017
TJP2_S978,-0.204128723052
TJP2_S986,-0.725336258837
TLE3_S286,-0.130154192248
TMC8_S522,0.00137062837655
TMEM87A_S540,0.243624845276
TMF1_S344,0.158017833705
TMOD3_S25,-0.266441377654
TMPO_S180,-0.671686315147
TMPO_S184,-0.277318400124
TMPO_S351,-0.0866153672024
TMX1_S247,0.215343803669
TNIK_S680,-0.0130152782578
TNIK_S769,0.100754106808
TNKS1BP1_S1385,0.0401154693527
TNKS1BP1_S1666,-0.0143624418339
TNKS1BP1_S435,-0.0930789402596
TNKS1BP1_S601,0.187805963995
TNKS1BP1_S672,0.247167262602
TNKS1BP1_S836,0.618439825642
TNKS1BP1_S872,-0.0559031079639
TNKS1BP1_S984,0.116153005719
TNS1_S1314,0.762010297156
TNS1_T1107,1.10005782721
TNS3_S1149,-0.191525708001
TNS3_S332,0.451793590635
TNS3_S662,0.454795341213
TNS3_S690,0.327747794209
TNS3_S874,2.12844584081
TNS3_T656,0.10141352594
TNS3_T718,0.14266888111
TOE1_S5,-0.0566765041402
TOM1_S355,-0.304244422614
TOM1_S461,-0.826609840908
TOM1_S462,-0.641768646022
TOMM70_S91,0.28786773123
TOP2A_S1106,-0.0475246664731
TOP2A_S1247,-0.307428235721
TOP2A_S1393,-0.0898686361183
TOR1AIP1_S143,-0.326158600486
TOR1AIP1_S215,-0.868037121551
TP53BP1_S1113,0.481302839052
TP53BP1_S1114,0.357463548782
TP53BP1_S1362,0.248931538362
TP53BP1_S1678,0.907145711573
TP53BP1_S265,0.211224964371
TP53BP1_S294,0.781925339143
TP53BP1_S500,0.236089946457
TP53BP1_T382,-0.021664546769
TP53BP2_S737,-0.49220124096
TP53BP2_T700,-0.626614153973
TP53I11_S14,1.42361910234
TPD52L2_S166,-1.20794939114
TPI1_S58,-0.172837640086
TPR_S2155,-0.0671218747474
TPX2_S738,-0.315698876424
TRA2A_T202,-1.31711825876
TRA2A_T88,-0.231093302631
TRAFD1_S326,-0.273074895346
TRAFD1_S415,0.198542355323
TRAK1_T359,-0.297412586012
TRIM16_S60,0.149688285323
TRIM25_S100,0.0616342011836
TRIM28_S473,-0.323283855389
TRIM28_S49,-0.0202125459792
TRIM28_S50,-0.981853451564
TRIM49B_T59,-0.22322040282
TRIO_S1724,0.155942889572
TRIO_S2455,0.196684110105
TRIP10_S296,0.258799890567
TRIP12_S312,-0.0855854378889
TRMU_S410,-0.156887718192
TSC2_S1449,0.0152133476571
TTC33_S197,-0.556538015724
TTLL12_S16,-0.402417591617
TVP23C_S223,-0.0673454920435
TWISTNB_S328,0.134352308204
TXLNA_S514,-0.124175199445
TXLNA_S515,0.108242125947
UACA_T801,-0.21824483737
UBAC1_S98,-0.226572001453
UBAP2L_S454,-0.213065229496
UBAP2L_S609,-0.0291326406295
UBD_S111,2.55754423382
UBE2J1_S268,-0.0621601433028
UBL7_S230,-0.237759946193
UBR4_S2719,-0.143088488176
UBR5_S1549,0.0605615390526
UCK2_S254,-0.262844564421
UFD1L_S247,-0.271818788996
UFL1_S458,-0.22258642675
UNG_S23,-0.142595592298
UNK_S385,0.17318570616
UPK3BL_S112,-0.440397365727
URI1_S378,-0.0583863802149
USO1_S942,0.154097243096
USP10_S576,0.213120893674
USP15_S229,-0.370533901225
USP16_S552,0.459007412101
USP24_S2561,0.150472580569
USP39_S82,-0.0998597601979
USP8_S718,-0.0556304976803
UTP14A_S407,-0.164570186973
VAMP4_S30,-0.547834571735
VCL_S290,0.334944012087
VCL_S346,0.322289331347
VCL_S721,0.0533877903318
VCL_S820,0.201037045042
VDAC1_S104,-0.127232028507
VEPH1_S783,-0.130513060403
VIM_S56,2.88589613924
VPS4B_S102,0.621123937014
VWC2_S91,-0.454659596005
WAPL_S221,-0.0720885301636
WAPL_S77,0.0488073197851
WDR44_S50,0.0229456265636
WDR44_T163,-0.531374457858
WDR4_S391,-0.0504595522805
WDR55_S14,-0.258263456063
WDR55_S382,-0.0290170304524
WDR62_S1228,-0.669753536438
WDR70_S638,-0.0047984472463
WIPF2_S235,0.448286171369
WNK1_S2012,0.109375707925
WRNIP1_S153,0.410270339605
WRNIP1_S75,0.146095631632
WTAP_S306,-0.0173037439514
WWTR1_S89,-0.0750698063001
XRCC1_S241,0.0412004997351
XRCC1_S447,0.00364248857681
XRCC6_S477,0.327901486204
XRN2_S448,-0.295728202996
YAP1_S109,0.144698027134
YAP1_S127,0.276055323626
YAP1_S367,-0.119766122875
YAP1_T110,-0.624308176934
YAP1_T63,0.0609932494369
YBX1_S167,-0.0822170526486
YBX1_S176,0.287644878876
YBX1_S314,0.513286607573
YBX3_S38,0.109459696152
YRDC_S37,-0.0197644143626
YTHDC1_S308,0.0264616745524
ZAK_S637,0.308675431456
ZC3H13_S198,-0.00954115341006
ZC3H13_S993,-0.00891549542837
ZC3H15_S381,-0.0335619051136
ZC3H18_S46,-0.0738875640317
ZC3H18_S534,-0.201229771926
ZC3H18_S868,-0.126781690112
ZC3H4_S1114,0.0137061973794
ZC3H7B_S233,-0.800010800533
ZC3HAV1_S284,0.0418014188103
ZC3HAV1_S378,-0.149444436645
ZC3HC1_S321,-0.120250246362
ZC3HC1_S335,-0.116750079877
ZC3HC1_S344,-0.458985518595
ZC3HC1_S395,-0.187643166723
ZDHHC5_S380,0.0929873857127
ZDHHC5_S554,-0.12228274023
ZDHHC5_S694,0.014987462449
ZFAND5_S48,-0.0988404307045
ZFP36L1_S54,-0.170760436862
ZFR_S1054,-0.186314537612
ZFYVE19_S354,-0.198690017487
ZKSCAN2_S789,0.501064050014
ZMYND8_S425,-0.907325133267
ZMYND8_S547,-0.212339798925
ZMYND8_S668,-0.166100837069
ZMYND8_S756,-0.103669601732
ZNF106_S1370,-0.152105893062
ZNF106_S861,-0.317197256416
ZNF180_S643,-0.201772456045
ZNF34_S113,-0.323338182631
ZNF609_S1055,0.230907151846
ZNF709_T232,0.122302856601
ZNRF2_S135,-0.742783166594
ZRANB2_S120,0.0101405388126
ZRANB2_S153,0.235044802603
ZRANB2_S188,0.179363443999
ZYX_S142,-0.516270336711
ZYX_S259,0.437730133612
ZYX_S281,0.0954097368828
ZYX_S308,-0.0743926142325
ZYX_S344,0.0729885622239
