,fc,pval,t,fdr
AAK1_S637,0.168192825153,0.249501529854,1.22263245488,0.382550259979
AAK1_S678,-0.552260511153,0.364078216516,-0.9508860477,0.504736365404
ABCF1_S109,0.0163841975707,0.844139473756,0.201773218988,0.899709783941
ABCF1_S228,-0.0313530424036,0.778981747063,-0.288330361602,0.857826053446
ABCF1_T108,-0.21730203103,0.00162713218025,-4.27383338165,0.00808521337782
ABI1_S183,0.00944820378267,0.916139744265,0.107989865867,0.947025287876
ABL2_S620,-0.111251531574,0.170022215726,-1.47867197756,0.284416006626
ABL2_S631,-0.275790739351,0.0220540177849,-2.70681070439,0.0579988734117
ABLIM1_S216,-0.337331215403,0.0713606951887,-2.01679795012,0.145503066652
ABLIM1_S431,0.182373313921,0.0130763483894,3.01184441808,0.0385766460077
ABLIM1_S452,0.0570708150616,0.292041405673,1.11228086881,0.429844493198
ABLIM1_S587,0.152081191468,0.145223853905,1.57984114721,0.251277915153
ABLIM1_S655,-0.0774188937466,0.163159441502,-1.50530705005,0.274624802529
ACACA_S29,-0.197136625796,0.107371837517,-1.76873910879,0.200108052066
ACIN1_S1004,0.162664851197,0.00135943100065,4.38840944161,0.00723071222402
ACIN1_S216,-0.188263778897,0.0588330290112,-2.13189612716,0.125806477131
ACIN1_S490,-0.0581034872833,0.600295393309,-0.541083116997,0.721840614413
ACIN1_S710,-0.334816047212,0.000152830550633,-5.89133792118,0.00145349334868
ACLY_S455,-0.122130608635,0.0354765295773,-2.42956579477,0.0855462415339
ACSS2_S30,0.101552945336,0.461497649386,0.765783526209,0.601703021734
ADARB2_S123,-0.454659596005,0.00360815608405,-3.77895178472,0.0139011112587
ADD1_S12,0.146778094634,0.182815215392,1.43140843786,0.299101849457
ADD1_S358,0.336238402593,0.00058728207377,4.93987147593,0.00371490055966
ADD3_S681,0.203018952394,0.0122975183163,3.04781290011,0.0370013825447
ADGRA1_S8,0.0394750823007,0.800007994084,0.260174168859,0.874606810253
AFAP1L2_T561,0.0192982073693,0.815750678832,0.239241051199,0.886118948252
AFAP1_S668,0.175436375602,0.037363314469,2.39925283344,0.088120435596
AFDN_S1182,-0.105333291683,0.160972241425,-1.51400052299,0.271279118138
AFDN_S1779,0.0709228879697,0.563743249927,0.597055653463,0.690090746985
AGFG1_S181,-0.0217776453953,0.739639002208,-0.341713064611,0.8251919959
AGPS_T11,0.0214195485584,0.884327448207,0.149244773102,0.924431460078
AHNAK_S1286,-0.674277718362,0.000430152294916,-5.15206782823,0.00296957929485
AHNAK_S135,-0.231533209358,0.00623726040314,-3.44893881413,0.0215296298179
AHNAK_S177,0.171676325635,0.0858337826599,1.90554453981,0.168447250242
AHNAK_S210,0.154282708678,0.0409046792646,2.34620257071,0.0941164382657
AHNAK_S2397,-0.213078858239,0.0143386100212,-2.95793783952,0.041389573405
AHNAK_S3412,0.0999326571811,0.355494719076,0.968795019034,0.496888815975
AHNAK_S3426,0.0232434180063,0.832604850091,0.216956108974,0.897971923968
AHNAK_S41,-0.315632274809,0.0530095853044,-2.19362806014,0.116091845433
AHNAK_S5099,-0.369292573686,0.0207943283105,-2.74107552928,0.0555604842874
AHNAK_S511,0.0820161954511,0.287822152599,1.12263706041,0.426104243058
AHNAK_S5110,0.127980464851,0.063631850278,2.08527549491,0.133548327744
AHNAK_S5448,0.368027563833,0.00234788246633,4.04352443926,0.0105732455438
AHNAK_S5552,-0.448987746942,0.00265496056885,-3.96728791311,0.0113189541493
AHNAK_S572,-0.115963053771,0.264635566813,-1.18177385375,0.400338566035
AHNAK_S5731,-0.158898993466,0.118234768846,-1.7090644032,0.21646184404
AHNAK_S5739,0.265246882551,0.0836886468964,1.92086908346,0.164712821677
AHNAK_S5763,0.23259154836,0.0285183831151,2.55702348708,0.0716913143004
AHNAK_S5782,0.278131141995,0.00078510289493,4.74588087862,0.00458257483736
AHNAK_S5793,0.054380025689,0.311175595361,1.0667168371,0.453103650633
AHNAK_S5841,0.254823670577,0.00346442980064,3.8037565698,0.0136480854997
AHNAK_S93,0.32067438013,0.289935229829,1.11743584539,0.428134541332
AHNAK_T4766,0.000944006580352,0.993605892858,0.00821645914698,0.994174876343
AHNAK_T490,-0.166601815663,0.117484530017,-1.71302225718,0.215855925326
AHNAK_T5796,0.181503775836,0.0173202050315,2.8476339568,0.0481707133802
AHSG_S138,-0.0883725356051,0.369687231818,-0.939347503158,0.511469618792
AJUBA_S119,-0.120442230483,0.0560738881364,-2.16037645379,0.120660415657
AJUBA_S137,-0.13253804058,0.179334441615,-1.44397918266,0.295630109814
AJUBA_S263,0.229025700675,0.0811868512334,1.93921192709,0.160953524311
AKAP12_S1331,0.379122064443,2.78278377911e-05,7.2425643673,0.000442387315502
AKAP12_S286,0.312465120823,0.0099880866795,3.16997436355,0.0310632784367
AKAP12_S371,0.649316064528,2.32086764097e-05,7.39786853003,0.000400036598869
AKAP12_S381,0.327588207621,0.00270168925065,3.95650355007,0.0114464092862
AKAP12_S514,0.41031278762,0.00488092887334,3.59591205072,0.0176544235844
AKAP12_S598,0.142564690394,0.0560821891272,2.16028877138,0.120660415657
AKAP12_S627,0.463148668341,0.00392291090192,3.72805249631,0.0146974072358
AKAP13_S2728,0.0822758426308,0.213495084275,1.32861616966,0.338802000716
AKAP2_S152,0.345943036129,0.000334901635509,5.32592689494,0.00254450404632
AKAP2_S393,0.573450146601,0.00154108765508,4.30834311213,0.00784973487231
AKAP2_S630,0.470349002836,5.40753649197e-05,6.69358279702,0.000687313049446
AKAP2_S720,0.329641499687,0.000218441201894,5.62990419057,0.0018567502161
AKAP2_S778,0.41113870985,0.00285104464577,3.92330114427,0.0118939285836
AKAP2_T746,0.339822280374,0.00383268280235,3.7421949664,0.01447902392
AKAP8_S339,-0.164474656714,0.0377530214176,-2.39317928128,0.0886772178376
AKIRIN2_S21,0.0415977563837,0.646399682527,0.472954545149,0.756594587008
AKT1S1_S183,-0.321593505361,0.0171937447845,-2.85190840603,0.0479169936617
AKT1S1_T246,-0.385155246222,0.000672287380919,-4.84909189146,0.00408174481272
ALS2_S1464,-0.0713569781701,0.608180866851,-0.529247847362,0.728465956459
ALS2_S492,0.035367857712,0.724407641367,0.362658545975,0.813537896168
ANAPC1_S688,0.0338116592268,0.721549244592,0.366608312349,0.811668298301
ANK2_S3823,-0.295923290505,0.0142670190486,-2.96086394496,0.0412832891619
ANKHD1_S1679,-0.606005704296,0.00776813592618,-3.31842043874,0.0257047806803
ANKRD17_S2401,0.607112610223,0.020396651262,2.75232625548,0.0546711656809
ANLN_S323,-0.289963214982,0.00943047713195,-3.2038139992,0.0296199743636
ANLN_S54,-0.501693708492,0.00432238918242,-3.669261707,0.0159740469785
ANLN_S792,-0.451520234971,0.0145048108782,-2.95120153125,0.0417051644702
ANP32B_T244,0.258013142123,0.412386243265,0.855341973009,0.554743116558
ANXA1_S5,-0.0623383465299,0.538322929916,-0.637176821976,0.671053331518
AP3B1_S276,0.0251804889149,0.837384338549,0.210658496658,0.898788930815
AP3D1_S829,0.118910988134,0.308160050147,1.07375228129,0.449675609657
APBB2_S123,0.401608447827,0.0120409393276,3.0601723953,0.0363903944123
API5_S462,0.129712971926,0.181088377093,1.43761899547,0.297439846433
ARFGAP2_S201,-0.0712017100768,0.499558112423,-0.700550873844,0.638532925654
ARFGEF2_S227,-0.148727885775,0.104683330896,-1.78435641428,0.196371489681
ARHGAP12_S165,0.220638680798,0.130252398588,1.64857152983,0.231749052249
ARHGAP17_S575,0.0619555704637,0.415130971803,0.850153146606,0.555892558986
ARHGAP17_S676,-0.013583757145,0.856457069462,-0.185615686733,0.904462843656
ARHGAP1_S51,-0.630415336581,5.19027702338e-07,-11.2859965123,2.82351070072e-05
ARHGAP29_S1019,0.320081222712,0.0141243424095,2.96674019775,0.0409575814006
ARHGAP29_S1029,0.349933232532,0.000211122400513,5.65455137182,0.001805826822
ARHGAP29_S1185,0.0153307963148,0.833914555761,0.215229471596,0.89818965294
ARHGAP29_S949,0.562843085997,7.07175651048e-06,8.47611922385,0.000192351777085
ARHGAP39_S302,-0.361368824803,0.238279943693,-1.25423873526,0.367832830219
ARHGAP5_S1218,-0.135992719991,0.0213953012028,-2.72447636212,0.0570045614233
ARHGEF2_S151,0.150895847133,0.176458176611,1.45452575243,0.293736989218
ARHGEF2_S645,0.148792793864,0.0742532716801,1.99296382414,0.1502744784
ARHGEF2_S932,-0.876929078061,0.183694072631,-1.42826689435,0.299908690009
ARHGEF40_S262,0.170167043477,0.052344718091,2.20108648542,0.115378957218
ARID1A_S357,0.161792471223,0.455655578723,0.776096291389,0.59792261765
ARID1A_S696,0.389864805524,0.187892370283,1.41343461902,0.304626033586
ARID3A_S119,0.402364139275,0.000108625909491,6.14786767776,0.00112771936571
ARL6IP4_S271,-0.345035637409,0.000611126231792,-4.91306250823,0.00379512180474
ARRB1_S412,0.170729125587,0.0613986350888,2.10653801324,0.130065644425
ASAP2_S701,0.385670373347,0.0780765479316,1.96276879982,0.156613724464
ASAP2_S822,-0.763244637222,0.123864222001,-1.68007013744,0.224906998559
ATAD2_T130,-0.152058337402,0.180127314331,-1.44109746031,0.2965776604
ATF2_S112,0.414704499668,0.0014767423514,4.33550643297,0.0076074605981
ATF7IP_S113,-0.0803811154714,0.526468638288,-0.656259898019,0.660790880701
ATRIP_S221,-0.374443214926,0.00160755921689,-4.2815114173,0.00803779608444
ATRX_S598,0.212109988879,0.0550281285726,2.17152359826,0.119359258148
ATRX_S677,0.478565346927,0.00251758667889,4.00018366551,0.0109470041235
ATXN2L_S111,0.210364947397,0.129560710936,1.65191431268,0.23154082375
ATXN2L_S335,0.140884289229,0.762760884532,0.310222110435,0.845439937215
ATXN2L_S341,0.0985990733139,0.251751279312,1.21643484721,0.38556502237
ATXN2L_S634,0.102906430268,0.347110578619,0.986594969399,0.490717657923
ATXN2L_S684,0.411748345212,0.00230663544745,4.05455581951,0.0104220073373
BAG3_S173,0.333735100817,0.000281439594035,5.44852858592,0.00223834998765
BAG3_S385,0.38629483041,0.00214908204207,4.09868894249,0.00990763246515
BAG3_S386,0.3891571774,0.00613361168,3.4589419951,0.0212257299868
BAG6_S113,-0.0712259256076,0.667994308179,-0.441857573906,0.772025897803
BAG6_S964,-0.0295251648881,0.823135625212,-0.229461227241,0.891747299232
BAG6_S973,0.228567891542,0.0662177074894,2.06152565947,0.137280613088
BAG6_S99,0.23477756264,0.111269056864,1.74672315513,0.206447363349
BAIAP2L1_S261,-0.113193170955,0.263590911463,-1.18453327571,0.399202271258
BAIAP2L2_S465,-1.09021191046,0.00155109901814,-4.3042246971,0.00787124874875
BAP18_S96,-0.666853061056,0.00060650385964,-4.91817157315,0.00378369380326
BAP1_S520,-0.307337838573,0.00901748259126,-3.23022703189,0.0287882073336
BAZ1A_S1283,0.214848084348,0.0525642970616,2.19861322404,0.115488600975
BAZ1B_S1468,-0.0150668597384,0.907089291262,-0.11970281609,0.940544567602
BCKDHA_S337,0.733178119726,0.00253665562288,3.99550637465,0.0109679642775
BCKDHA_S347,0.413653308466,0.00146816851744,4.33921996484,0.00759205012819
BCKDHA_T338,0.68312561457,0.212532313344,1.33164685284,0.337744017298
BCKDK_T32,0.00618605289018,0.952325043683,0.0613040027883,0.967897074946
BCL9_S687,-0.151445386088,0.839105102457,-0.208393413461,0.899166040149
BCLAF1_S177,-0.241879857755,0.244680688638,-1.23606641619,0.376006481974
BCLAF1_S222,0.410328487837,0.0446217986732,2.29514002938,0.101481013705
BCLAF1_S285,0.0466489235193,0.885052830966,0.14830126062,0.924479147553
BCLAF1_S287,0.0180574658395,0.807916300001,0.249643509298,0.879716707768
BCLAF1_S290,0.247026230201,0.21857219461,1.3128196837,0.343651080544
BCLAF1_S385,0.433434106796,0.0404475096403,2.35279280202,0.0937114363047
BCLAF1_S397,-0.144047596005,0.0648861558975,-2.07364291317,0.135553259632
BCLAF1_S496,-0.265185070332,0.594357991133,-0.550048207324,0.719792402441
BCLAF1_S512,-0.0593260849846,0.522297519926,-0.663034622122,0.65892822551
BCLAF1_S648,-0.0238236197396,0.69132689906,-0.408767281995,0.788101075207
BCLAF1_S658,-0.010843987479,0.849674924564,-0.194505258366,0.901892038866
BCLAF1_S660,-0.505806096097,0.000451149246219,-5.11930063486,0.00306948543821
BICC1_S633,-0.0245003926442,0.94356405211,-0.0725896249874,0.964122547611
BICD2_S582,0.0243338182926,0.709254569008,0.383669201655,0.800801390768
BIN1_S296,-0.0349673627477,0.656801033078,-0.457916735637,0.76280905635
BIN1_S298,-0.216533422798,0.279203795206,-1.14416454918,0.416877317226
BOD1L1_S1531,0.178053998519,0.065221626981,2.07056797375,0.135836772885
BRAF_S363,-0.349711114938,0.00254037407898,-3.99459859864,0.0109679642775
BUD13_S325,0.0694080738198,0.340777813902,1.00025032957,0.48428195079
BYSL_S98,0.067948323306,0.80617420626,0.251960630737,0.87922768285
C15orf52_S201,0.129529415908,0.120860124395,1.69539098471,0.220039851642
C18orf25_S145,0.599547555451,0.000834219172396,4.70578179186,0.00481620445573
C18orf25_S66,0.309733866034,0.000931195050413,4.63349352273,0.00527677195234
C1orf226_S223,-0.231091699778,0.0161871034554,-2.8871106328,0.0455785935805
C1orf52_S158,0.0397601258596,0.279246497054,1.14405661055,0.416877317226
C6orf106_S215,-0.0611945200112,0.765222987474,-0.306889078563,0.846788659858
C9orf142_S148,-0.170712309691,0.0197374341506,-2.7714704302,0.0535786635624
C9orf78_S261,0.0483430803512,0.688222792662,0.413140883868,0.785879931167
CA2_S219,-0.195210699381,0.177962637898,-1.44899098193,0.294720427671
CAAP1_S203,-0.0252286921718,0.655543664544,-0.459728596608,0.762515857796
CACNA1C_T1953,-0.229418283197,0.0253904590885,-2.62473708536,0.0651528761516
CAD_S1859,0.146637823443,0.545363378457,0.625958534946,0.676111389882
CAMSAP1_S1080,-0.339568745902,0.000232819165818,-5.5839649439,0.00191855215117
CAMSAP2_S1148,-0.201191472113,0.091310049232,-1.8679832221,0.176394413289
CAMSAP2_S416,0.507818152776,0.0394360130695,2.36763625351,0.0919148805905
CAMSAP2_S464,-0.195155734783,0.0116757763637,-3.07823331656,0.0355236148873
CAMSAP2_S611,0.0624546632157,0.398815477603,0.881352311011,0.542931981522
CANX_S554,-0.150865917307,0.225591546634,-1.29147397491,0.351437002774
CANX_S564,-0.205841318662,0.237005648381,-1.25790391316,0.366698159043
CANX_S583,-0.457568548494,0.00914488539495,-3.22194884268,0.0290585143391
CANX_T562,-0.0734316258255,0.640928896016,-0.480910163595,0.754033995313
CAP1_S310,-0.58019462046,0.2397687054,-1.24997688453,0.369406885356
CARHSP1_S41,0.0112040843384,0.870391232649,0.167401203387,0.914078823477
CARHSP1_S52,-0.201772456045,0.00874556335437,-3.24830432773,0.0281181233143
CARMIL1_S1094,-0.455727367336,0.0190263702756,-2.79285430976,0.0517517271496
CARMIL1_S968,-0.809659219338,1.48435101013e-06,-10.0749416153,5.93740404053e-05
CAST_S243,-0.319349390448,0.000122212238695,-6.05856530716,0.00124036301959
CBL_S17,-0.380341242686,0.0278591510779,-2.57065912102,0.0704246198251
CBX1_S91,0.570054578019,0.00888950261983,3.23866445534,0.0285134989693
CBX3_S95,0.0880752306221,0.0962930963521,1.83557801638,0.184708901324
CCAR2_S678,0.359136564658,0.00490826394359,3.59254970338,0.0177062041466
CCDC6_S244,0.0363756189301,0.467972692937,0.754451374079,0.605559336245
CCDC6_S419,0.150595854202,0.610578072633,0.525665635948,0.728465956459
CCDC86_S102,0.0751447149257,0.353407867448,0.973196559007,0.494480143754
CCDC86_S18,-0.110134526441,0.187968691594,-1.41316760843,0.304626033586
CCDC86_S47,-0.253267114045,0.000842673898002,-4.6991328979,0.00483559705182
CCDC86_S58,-0.0960054371836,0.159551486085,-1.51970294077,0.269888085915
CCDC86_S91,-0.0374682048864,0.608366616786,-0.528970016777,0.728465956459
CCDC8_S261,0.252602053437,0.00107208360587,4.54158693193,0.00592696627636
CCNL1_S352,-0.199007211289,0.0603099440068,-2.11717243437,0.128560382209
CCNYL1_S344,0.377369277069,0.0168873218362,2.8623987448,0.0471596667295
CD2AP_S234,-0.177347941574,0.188151373686,-1.41252886889,0.304626033586
CD2AP_S458,0.102924858288,0.455915995958,0.775634766978,0.59792261765
CD2BP2_S195,0.132157216967,0.0605403561771,2.1149065404,0.128849584352
CD2BP2_S49,0.18506632228,0.0966604567197,1.83325081237,0.185092178187
CD3EAP_S285,-0.0717154469319,0.49587389463,-0.706726384179,0.635615925256
CD44_S706,0.161705552437,0.283271072018,1.13394120959,0.421497437576
CDC42EP1_S192,-0.0214969059478,0.832025391608,-0.217720257965,0.897971923968
CDC42EP4_S64,-0.102926280864,0.144531993062,-1.58287542699,0.251275012024
CDCA5_S21,0.131178521261,0.20101987167,1.36880622508,0.322390360225
CDK12_S423,0.233716434325,0.0633369027476,2.08804255968,0.13334084789
CDK16_S138,-0.230086928316,0.0518083090097,-2.20717071051,0.114567967891
CDK16_S153,-0.1517307021,0.1691745463,-1.48191084738,0.283866790355
CDK17_S180,0.27763032044,0.0382054899083,2.38620419239,0.0895852866815
CDK17_S9,0.109921197202,0.321926737343,1.04204802014,0.463492426872
CDK18_S12,-0.0141505242266,0.855902741421,-0.186341648572,0.904462843656
CDK18_S130,0.0818927525183,0.226104942165,1.28993438387,0.351833777281
CDK18_S87,-0.319118906149,0.401392954606,-0.876365633236,0.544261633364
CDK18_S96,0.129227063906,0.186661084974,1.41775510434,0.303296386576
CDK7_T170,-0.110520958057,0.217543756779,-1.31599466438,0.342826777775
CEBPZ_S629,0.0547116931389,0.655103442032,0.460363338896,0.762515857796
CENPF_S3150,-0.421351956353,0.00535665584952,-3.54001112501,0.018922212871
CEP170_S1112,-0.552721237406,3.0662282808e-05,-7.16053001153,0.000479318443895
CEP170_S838,-0.664081989009,2.42398901325e-06,-9.54833272968,8.45288476417e-05
CGN_S131,-0.523443774599,2.03655953009e-05,-7.51115209398,0.000374286616341
CGN_S149,-0.33484181749,0.00193084721727,-4.16579293714,0.00920397745755
CHAMP1_S217,0.416668901607,0.463498311036,0.762271255046,0.601703021734
CHAMP1_S427,-0.207538388913,0.0610414152275,-2.11000738008,0.129713007359
CHAMP1_S445,0.312176878708,0.0395041991804,2.36662400631,0.0919148805905
CHAMP1_S476,0.230198816081,0.0635199434657,2.0863239133,0.133519510222
CHCHD3_S50,0.256134789233,0.0645764075128,2.07649553173,0.135113714181
CHMP2B_S199,0.606662901244,1.93860655385e-06,9.78535614743,7.20145107667e-05
CHMP3_S200,0.0731789970586,0.103962168572,1.78860802261,0.195288051461
CIAPIN1_S183,-0.570582600725,2.32686287164e-05,-7.39564459566,0.000400036598869
CILP_T292,-0.19968074586,0.036460225376,-2.41356961092,0.0871457056439
CLASP1_S600,0.41785964324,0.287933676008,1.1223618102,0.426104243058
CLASP2_S370,0.0838088110622,0.169886268114,1.47919047906,0.284416006626
CLCA4_S316,-0.0268334571278,0.699896469566,-0.396736457013,0.793877563477
CLINT1_T294,-0.426774526638,1.8081980537e-05,-7.61534204476,0.000346359063807
CLIP1_S147,-0.250225365429,0.000253069970218,-5.52417744904,0.00204866166367
CLIP1_S204,-0.353204297222,0.00469434103898,-3.61939926091,0.0171160960134
CLIP1_S510,-0.0444905534036,0.347960926751,-0.984775370803,0.49089923276
CLK3_S157,-0.0689528171517,0.453595740497,-0.77975290302,0.597183162707
CLK3_S283,0.0111310202773,0.923613000486,0.0983304305409,0.952322729842
CLNS1A_S102,0.400970961842,0.00648491189502,3.42571738652,0.022327797917
CLTA_S105,0.1791108928,0.012768673583,3.02578626498,0.0379157119494
CMPK1_S180,0.67457744326,0.00744838198936,3.34334594097,0.0248279399645
CNOT4_S432,0.0438459849918,0.414999435798,0.850401275512,0.555892558986
COL19A1_S81,-0.144463034094,0.130105853303,-1.64927842311,0.231749052249
COPA_S359,-0.841296756637,4.55629785026e-06,-8.90403154751,0.000140831024463
COPB2_S859,-0.0383659637427,0.651246627646,-0.465932940919,0.760253573904
CRTC3_S370,0.153581278809,0.0789462164349,1.95609471479,0.157198908274
CSNK1E_S363,0.30392969083,0.0109658224812,3.11505889552,0.0339715685067
CSRP1_S192,0.080482234986,0.495493537188,0.707365549078,0.635615925256
CSTF3_S691,0.0193006739288,0.856884975873,0.185055363169,0.904462843656
CTBP2_T433,-0.0266694978531,0.756804742066,-0.318300782106,0.84020771364
CTNNA1_S641,0.151803185741,0.0535010143607,2.18817292327,0.116979709856
CTPS1_S574,-0.473009819822,4.50879963767e-05,-6.84083549105,0.000619390657297
CTPS1_S575,-0.704432921753,0.000144474301946,-5.93312993625,0.00140346464748
CTR9_S970,0.104803956282,0.389393992846,0.899773756601,0.532237015348
CTR9_T925,-0.041705894141,0.619301387184,-0.512690410826,0.73623241833
CTTNBP2NL_S488,0.25712801828,0.029491585356,2.53745446404,0.0738647441698
CTTNBP2NL_S568,-0.304257745263,0.0338956905417,-2.4562089551,0.0824653651821
CTTN_S418,-0.566349665717,0.0058806785286,-3.48410588029,0.0205069815356
CTTN_T401,0.0958655061437,0.351665406788,0.976886283785,0.493524687171
CWC22_S829,-0.693084181972,0.185884883166,-1.42049124294,0.302396460653
DAOA_S37,-0.644237171454,0.0012964760196,-4.4188274338,0.00694176136481
DAP_S51,-0.192003896013,0.0852026398132,-1.91001590139,0.167450274777
DAXX_S495,0.321047092515,0.0357114617504,2.42570624916,0.0858084593297
DBN1_S142,-0.14513743869,0.0314997491696,-2.49901886559,0.0770497461703
DBN1_S337,-0.364823671999,5.29766161114e-05,-6.71010531695,0.000679699980297
DBNL_S275,-0.081222955258,0.261762279298,-1.18938460008,0.397697679538
DBNL_T291,-0.236280733883,0.0016481270197,-4.26570513253,0.00812120560433
DCP1A_S353,-0.450951919755,0.000382943279607,-5.23244336925,0.00277022798014
DCTN1_S595,0.479036590167,0.0218849280288,2.71129447346,0.0577932079983
DDB2_S26,-0.230946552026,3.35573523997e-05,-7.0848139817,0.000495812494642
DDX20_S714,-0.399072690454,0.000223301721034,-5.61402034845,0.00188627540749
DDX21_S121,-0.115954911743,0.0696094229383,-2.0316755127,0.142573516862
DDX21_S71,-0.113444508158,0.197441925,-1.38071934364,0.31815286493
DDX42_S185,-0.0789153088965,0.495133676117,-0.707970550041,0.635615925256
DDX46_S804,-0.18214378097,0.0740600122321,-1.99452869742,0.1502744784
DDX51_S83,-0.0874995359574,0.28421531176,-1.13158426737,0.422440244801
DDX54_S75,-0.176309679253,0.0204212883573,-2.75162287409,0.0546711656809
DDX54_S782,0.159385260565,0.0309293516154,2.50968393644,0.0762051872756
DEK_S32,0.103272137064,0.141465865486,1.59647915313,0.24697506683
DENND4C_S1061,0.225100980601,0.000633475114106,4.88892743517,0.00391116764481
DENND4C_S863,-0.143248019629,0.08750181716,-1.89387308306,0.171226577464
DENR_S73,0.0176686861631,0.863866454624,0.175922288804,0.907927649373
DFFA_S315,0.130598041087,0.145135835054,1.58022645924,0.251277915153
DGCR8_S377,-0.212118292368,0.0188343001734,-2.79876841028,0.0515385276374
DHX57_S127,0.275591229553,0.00116824111201,4.48593382284,0.00635523164936
DHX57_S132,0.2158909553,0.00238967888803,4.03255180147,0.0106207950579
DIP2B_T104,-0.35041853911,0.208865898307,-1.34329420394,0.333792739951
DKC1_S494,-0.00139991492598,0.986012224462,-0.0179752026648,0.988920815095
DKC1_T497,-0.165901218382,0.259260543063,-1.19606567545,0.394588278246
DLC1_S842,0.00215237806907,0.987407867775,0.0161815283599,0.989590788632
DLGAP4_S666,0.943925815045,0.0463376799263,2.27295027564,0.10399215297
DMD_S1015,-0.454659596005,0.00360815608405,-3.77895178472,0.0139011112587
DNAJB6_S277,-0.228496672785,0.0432106627081,-2.31401930017,0.0989335038436
DNAJC5_S10,-0.257334823375,0.0556678081024,-2.16468111533,0.12036282833
DNM1L_S616,-0.177332361794,0.135472989377,-1.62384145921,0.23804039477
DNTTIP2_S117,-0.513938202539,8.96682332402e-05,-6.29494973678,0.000991453635827
DOCK10_S1602,-0.395395977973,0.000189196868316,-5.73427339703,0.00171811414015
DOCK7_S1432,0.515447727539,0.178165426462,1.44824802101,0.294720427671
DPYSL2_T509,-0.0956746995849,0.401029394617,-0.877067667751,0.544261633364
DPYSL3_S522,-0.359621673489,8.07032143017e-05,-6.37667075035,0.000930138741104
DPYSL3_T509,-0.393907312522,5.51845298784e-05,-6.67726752823,0.000688540923253
DSN1_S57,0.0265261282198,0.653770199615,0.462286917872,0.761891577958
DSP_S2209,-0.0474467342623,0.610625875267,-0.52559427667,0.728465956459
DSP_T2612,-0.102232698347,0.135920102497,-1.62176322445,0.238517857285
DST_S2215,0.704124614237,0.0002576801354,5.51128349915,0.00207363895944
DTD1_S197,-0.31283944483,0.000119962311283,-6.07259233249,0.00122668228079
DTX3L_S532,-0.504356622055,0.00035626686525,-5.28269073331,0.00264766632098
DUS4L_T9,-0.0362784988825,0.87940116815,-0.155656341746,0.920697142944
DYNC1LI1_S207,0.0549309638007,0.664454916204,0.446922110818,0.769880974489
DYNC1LI1_S510,-0.32447578637,0.000402385752637,-5.19812463208,0.00286515509731
DYNC1LI2_S194,0.228722158794,0.0817019897754,1.93539219373,0.161269529891
DYRK2_S22,-0.0209870996568,0.926406867984,-0.0947219032866,0.954479803378
EAF1_S165,0.245726940312,0.0224016069275,2.6977007395,0.0585888181179
EDC3_S131,-0.0131303044219,0.841782306135,-0.204871667371,0.899311811739
EDC3_S161,0.257921682366,0.221554684352,1.3036817074,0.345940724132
EDC4_S729,-0.0293265987783,0.718323296491,-0.371073438139,0.808708347043
EDC4_S879,0.099806462767,0.133281424942,1.63411744402,0.23571227298
EEF1B2_S106,0.190020904323,0.0543390424083,2.17898061032,0.118431246275
EEF1D_S133,-0.151576656856,0.0473020520599,-2.26082650339,0.105633482433
EEF1D_S162,0.0948027017667,0.237958580851,1.25516154128,0.367754170406
EEF2K_S470,0.331566778758,0.00193554231828,4.16426681631,0.00920397745755
EFHD2_S74,0.206117978334,0.199174829899,1.3749269247,0.32018648778
EIF2A_S506,-0.148255159833,0.098643879019,-1.82082512371,0.187893102893
EIF2B5_S544,0.40080618997,2.66403280376e-07,12.1181906494,2.01282478506e-05
EIF3B_S164,-0.0348064721733,0.72353156528,-0.363868462532,0.813225560976
EIF3B_S81,-0.0602403082691,0.414310779376,-0.851701231504,0.555892558986
EIF3C_S39,0.0321542523974,0.491019926597,0.714906023594,0.631178733622
EIF3G_S42,0.422292279648,0.317986114645,1.05101638957,0.460903439371
EIF3J_T109,-0.367330684009,4.42251770727e-05,-6.85661669815,0.000613737151213
EIF4B_S422,-0.109808067135,0.194023537542,-1.39227282356,0.313759822899
EIF4B_S459,0.200451389676,0.55928151882,0.604022418668,0.687724109941
EIF4B_S504,0.413610138861,0.214735758113,1.32472743007,0.339977451728
EIF4EBP1_T70,-0.0123253571448,0.90734887698,-0.119366621463,0.940544567602
EIF4EBP2_T46,0.183094536862,0.00655427345555,3.41937771683,0.0225096260089
EIF4G1_S1187,-0.112739605931,0.421574397209,-0.838063312237,0.561633386171
EIF4G2_S395,0.295351826353,0.00137858056687,4.37945164621,0.00726693632146
EIF4G2_T508,0.245305487167,0.000569405987827,4.96074230017,0.00365279312946
EIF4G3_S495,-0.185426464959,0.282179504462,-1.13667357484,0.420576687917
EIF5B_S113,-0.0558789650257,0.45495783712,-0.777333710165,0.597876752409
EIF5B_S137,0.129714007411,0.253954976591,1.21040720432,0.388502551365
EIF5B_S164,0.137655067133,0.211360689357,1.33535046344,0.337308006912
EIF5B_S214,-0.15209783573,0.0363095194642,-2.41599259555,0.086938286041
ELAC2_S199,-0.113451493246,0.116740063388,-1.71697234825,0.21483962951
ELFN2_T437,0.340461229305,6.53949546775e-05,6.54188849121,0.000794081592512
ELMO2_S181,-0.587343064905,0.0001366959382,-5.97443719656,0.00134558947086
EML4_S144,0.0587223019448,0.46669147694,0.75668563522,0.604476579656
EML4_S146,0.449738804522,0.0897426292595,1.87851543586,0.173860364377
ENSA_S109,-1.21842735754,4.64897297714e-07,-11.4198820328,2.67882832722e-05
EPB41L1_S544,0.0809138744483,0.194279257992,1.39140259989,0.313800226685
EPB41L1_S648,-0.383350013767,0.0100024013681,-3.16913133642,0.0310632784367
EPB41L1_S784,-0.0190921997948,0.831129648447,-0.218901775007,0.897971923968
EPB41L2_S598,-0.965932716363,0.000695470450419,-4.82644864432,0.00420373250031
EPB41L2_S718,-0.0207631057151,0.843502335722,-0.202610513224,0.899709783941
EPRS_S886,-0.314546881049,0.00717227444841,-3.36577282929,0.024084674691
EPS15L1_S255,0.199679249042,0.255177851703,1.2070804704,0.389934694737
EPS15L1_T776,0.0160148189764,0.839662405139,0.207660074027,0.899166040149
EPS15_S324,-0.607333225936,2.57850593614e-06,-9.48362161144,8.53772635155e-05
EPS15_S563,-0.0378305962747,0.739015567787,-0.342567125746,0.8251919959
EPS15_S814,0.335853760826,0.0275813263406,2.57650185116,0.0698521486466
ERCC5_S384,0.0915686009046,0.175543554017,1.45791043596,0.292572590028
ESF1_S153,-0.383745682089,0.222751413521,-1.30004368823,0.347410461455
ETV6_S213,-0.241141115947,0.118258198619,-1.70894116681,0.21646184404
EXOSC9_S306,0.102533230876,0.0309863739437,2.50860904912,0.0762051872756
FAM109A_S179,-0.226572001453,0.0396045000191,-2.36513810493,0.0919148805905
FAM122A_S37,0.091453559969,0.270242345491,1.16710996794,0.406559280828
FAM122A_S76,0.0503695875685,0.501089637153,0.697991955014,0.639668469189
FAM129B_S574,0.350130065675,0.0366131376143,2.41112117934,0.0872230512258
FAM129B_S665,0.200398843117,0.0505931633576,2.22118130175,0.112063032844
FAM129B_S691,0.124900051655,0.0958962056241,1.83810151978,0.184207400634
FAM129B_S692,0.188178072123,0.157687928597,1.52725021163,0.267634834157
FAM171A1_S524,-0.00319186314887,0.981240946604,-0.0241077459884,0.987047106051
FAM53C_S162,-0.0811973796382,0.236008787219,-1.2607823523,0.365571697742
FAM83H_S870,0.100530513475,0.112796084969,1.73828790773,0.208427548313
FAM83H_S914,0.425489819917,0.000137527159154,5.96990384546,0.00134558947086
FARP1_S427,0.0366916081132,0.544756209869,0.62692270207,0.676048941839
FARP1_S872,-0.171168607236,0.411731270083,-0.85658367172,0.554410423082
FARP1_T24,-0.0839183170475,0.470744119298,-0.749631749306,0.607988606121
FCHO2_S387,-0.0399777016252,0.694673711429,-0.404061169877,0.790591002128
FCHO2_S394,0.0813751323787,0.198992067074,1.37553581752,0.32018648778
FCHO2_S403,0.194144876103,0.00756855350746,3.33385130222,0.0251668282889
FCHO2_S533,-0.439694613286,0.228023546583,-1.28420616598,0.354083915098
FILIP1L_S791,1.01749358967,1.23439348251e-08,16.7093131962,1.39897928018e-06
FIP1L1_S259,-0.492973098113,0.0190185827822,-2.7930929267,0.0517517271496
FIP1L1_S492,0.137943987851,0.299821078998,1.093485878,0.438919986478
FIP1L1_T494,-0.0160239215746,0.781338738888,-0.285162126433,0.85833657907
FKBP15_S960,-0.0761930586682,0.143580653096,-1.58706874515,0.250345754116
FLNA_S1084,-0.131993272467,0.359375296937,-0.960659985152,0.501797129193
FLNA_S1459,0.0544156818947,0.668710667362,0.440834021894,0.772025897803
FLNA_S2152,-0.0115390267215,0.979874407327,-0.0258643372306,0.986402068072
FLNA_S2180,0.924856393594,0.000159817909828,5.85823606755,0.00149898177494
FLNA_S2327,0.375640148274,0.0178341268684,2.83058102812,0.0492975864656
FLNB_S2478,0.402015189948,0.000105970591088,6.16672415498,0.00110861541446
FLNB_T2134,-0.0731587239831,0.727254207985,-0.358731221918,0.816060827442
FN3K_S300,0.0661343943217,0.76763100163,0.303632858522,0.848352541131
FNBP1_S296,0.468847225282,4.82873967748e-05,6.78504246138,0.000647836517025
FNDC3B_S208,-0.0969499923467,0.653057210432,-0.463316362314,0.761713384381
FOSL2_S200,-0.131552848957,0.00276279765445,-3.94269186584,0.0116328322293
FOXK1_S420,0.123696314403,0.350592553384,0.979164748546,0.492568050209
FOXK1_S445,-0.033295339985,0.814235475586,-0.241250687193,0.885316507754
FOXK2_S398,-0.266544175424,0.00296264286581,-3.89966049633,0.0121727924396
FRMD4A_S795,-0.0659412191332,0.37561032556,-0.92729852219,0.519136222319
FRYL_T1959,-0.256790636197,0.011646423134,-3.07971005166,0.0355236148873
FTH1_S179,0.0961785219857,0.314894189335,1.05811230115,0.45802791176
FYTTD1_S16,0.313537694337,0.286095300899,1.12690973989,0.424770315745
G3BP1_S149,0.0188704375251,0.823554858702,0.228906768987,0.891747299232
G3BP1_S232,0.0911811584911,0.177526266416,1.45059219618,0.294720427671
G3BP2_T227,0.48018980398,0.000728622293972,4.79542675084,0.00430837530349
GAPDH_S83,-0.934351944791,7.89526511653e-05,-6.3937691081,0.000925651772283
GARNL3_T827,0.156333289519,0.0889506838486,1.883901982,0.172818471477
GBF1_S1298,-0.389073274337,0.00176625346575,-4.2219163977,0.00852573599599
GEMIN5_S778,0.488331002972,0.000603690687256,4.92130128765,0.0037834992381
GFPT1_S261,-0.24781619615,0.0493307734804,-2.23608497385,0.10980335832
GIGYF2_S374,-0.351480449614,1.940243298e-05,-7.55346915944,0.000361469984286
GIGYF2_S376,-0.301130910656,0.130050167465,-1.64954722291,0.231749052249
GIT1_S362,-0.145211507861,0.126847961996,-1.66518080779,0.228626208541
GOLGA4_S266,0.211372624861,0.00309725116957,3.87235580819,0.0125739151959
GOLGA4_S40,0.147857364472,0.0242057011135,2.65257814916,0.0628239570885
GOLGA4_S71,0.219326515041,0.00347223351684,3.80238241021,0.0136480854997
GPATCH8_S740,0.221764484105,0.0116583307027,3.07911053524,0.0355236148873
GPN1_S314,-0.129891522132,0.117609735784,-1.71236015163,0.215855925326
GPN1_S338,-0.0210271404243,0.701923801551,-0.393899425248,0.794851265703
GRIPAP1_S692,0.0539735162365,0.401898142246,0.875390847539,0.544290164581
GTF2F1_S385,-0.427633318931,0.00309173566831,-3.87345000351,0.0125739151959
GTF3C2_S893,-0.0587217775026,0.609688190954,-0.526994565924,0.728465956459
GTPBP1_S25,-0.32618865496,0.0140769721127,-2.96870450965,0.0409074403276
GUCY1B2_S150,0.520810015037,0.00436919557637,3.66274651917,0.0160597459023
H1FX_S31,0.654327286187,0.360379703393,0.958564808545,0.501970761521
H1FX_S33,-0.407988733205,0.0330197647339,-2.47150326797,0.0804782796382
HABP4_S108,0.0617660724415,0.21741667754,1.31638784626,0.342826777775
HDAC2_S394,-0.0150811607604,0.857727492997,-0.183952312084,0.904462843656
HDAC7_S487,-0.0287611357311,0.717625630426,-0.372040150868,0.808592259635
HDGFRP2_S454,0.0436604559225,0.546781616029,0.623708807767,0.677252274862
HDGF_S133,-0.557449683339,8.60216470245e-06,-8.29067921476,0.000213555144484
HDGF_S165,-0.708263074523,0.00222383723119,-4.07733936806,0.0101832277253
HDLBP_S31,-0.0924843536309,0.177987909905,-1.44889835266,0.294720427671
HECTD1_S632,0.773093513747,0.000339289153248,5.31681169846,0.00256351804676
HEMGN_T82,0.134816896895,0.180485745854,1.43979829892,0.296808481694
HIRIP3_S196,0.443604549729,0.000644520823967,4.87733156935,0.00394841585854
HIST1H1E_T18,0.0589513028667,0.655987907074,0.459088260196,0.762515857796
HMGA1_S36,-0.579346593075,0.0013944563876,-4.37212438374,0.00732224203526
HMGA1_T53,-0.53430716595,0.000576679957758,-4.95216662972,0.00368208799319
HMGA2_S44,0.0418677732796,0.68082491308,0.423599048659,0.780052132931
HMGCS1_S495,-0.808095790961,7.34027715042e-07,-10.8735059695,3.32759230819e-05
HMGN1_S89,-0.0833704208875,0.408131899766,-0.863431668637,0.550654150478
HN1L_S97,-0.188753761068,0.0469923720532,-2.26469337547,0.105179870297
HN1_S87,0.013179463852,0.953121607035,0.0602783453698,0.967897074946
HN1_S88,-0.178239255359,0.0939714165867,-1.85047819978,0.181021425719
HNRNPA1_S6,-0.194500834266,0.0783158369805,-1.96092549766,0.156631673961
HNRNPA3_S358,-0.24144172876,0.0201170775138,-2.76036829198,0.0541766839974
HNRNPC_S233,-0.037784759697,0.646443316252,-0.472891222952,0.756594587008
HNRNPC_S253,0.259032755021,0.0319641211324,2.49047615066,0.0780452508798
HNRNPC_S260,0.120303905708,0.024923719957,2.63554738257,0.0643192773084
HNRNPC_S299,0.271530303992,0.0395913245889,2.36533308159,0.0919148805905
HNRNPD_S82,-0.195100486153,0.137033224298,-1.61661563775,0.239852233005
HNRNPD_S83,-0.103458632101,0.709533585202,-0.383280695015,0.800801390768
HNRNPK_S216,-0.193492812282,0.102923087378,-1.79478170073,0.193603594514
HNRNPK_S284,-0.051431745214,0.332551282829,-1.0182727112,0.474077300469
HNRNPK_S379,-0.153325752349,0.0541157580407,-2.18141641442,0.118133918034
HNRNPK_T118,-0.49604327305,0.000737506120632,-4.78736843829,0.00434202737688
HNRNPM_S528,-0.271493333955,0.0505267733542,-2.22195610174,0.112063032844
HNRNPUL2_S161,0.953554778735,7.42132785792e-10,22.2892066156,2.60889244777e-07
HNRNPUL2_S228,0.995945438859,0.000302975900623,5.39636610816,0.00235455557056
HNRNPU_S271,-0.807554868304,0.0303313224319,-2.5210764799,0.0757877403149
HNRNPU_S59,-0.623128022932,1.27008522362e-05,-7.93108909871,0.000269893110019
HS1BP3_S249,-0.208895173222,0.0128381340148,-3.02260911905,0.0380389155993
HSF1_S314,-0.446034165445,0.00106400860372,-4.54649915535,0.00590633347368
HSP90AA1_S231,0.464884975778,0.000152793183958,5.89151928574,0.00145349334868
HSP90AA1_S252,0.0512014421927,0.682650135732,0.421014175192,0.78082774146
HSP90AA1_S263,0.370715899733,0.000103595271457,6.18402864919,0.00110240889751
HSP90AB1_S226,0.561991965036,0.118660189825,1.70683019919,0.216905723336
HSPB1_S15,0.428187445331,0.0304928163853,2.51797825229,0.0757877403149
HSPB1_S82,0.145881731166,0.0165683674877,2.87352424228,0.0463641559327
HSPH1_S809,-0.983643909668,0.0138889590803,-2.97656760337,0.0405343011787
HTATSF1_S616,0.0377729987182,0.602125315275,0.538329431024,0.722762955669
HTATSF1_S624,-0.0766104753164,0.489913056078,-0.716778271698,0.630948632828
HTATSF1_S642,-0.138358997954,0.0310796785441,-2.50685444004,0.0762085023967
HTATSF1_S676,-0.0843305922677,0.178540786625,-1.44687472061,0.294720427671
HUWE1_S1907,0.306315250345,0.00319741897417,3.85283105867,0.0129035305783
IARS_S1047,-0.331627207364,0.0683710469581,-2.04241123093,0.140885793732
IGF2BP2-AS1_S27,-0.0224761726725,0.887304384771,-0.145373560952,0.92611969554
IGF2BP2_S164,0.522970730062,9.58046049757e-05,6.24393938501,0.00104566601416
IGF2R_S2484,-0.295958096297,0.101763426829,-1.80173968233,0.19195320456
ILF3_S382,0.234374882055,0.0814989243501,1.9368952182,0.161269529891
ILF3_T486,-0.00475445659776,0.950632654337,-0.0634833653916,0.967897074946
IMPDH1_S160,-0.372070773461,0.00327124160878,-3.83884661661,0.0130655448856
IMPDH2_S160,-0.372070773461,0.00327124160878,-3.83884661661,0.0130655448856
INCENP_S263,-0.0742356477719,0.544582820307,-0.627198153183,0.676048941839
INF2_S1188,0.918201158289,0.000126960641658,6.0298526945,0.00127901090855
IRF2BP2_S175,-0.742301399699,0.269442616445,-1.16918671643,0.405805048023
IRF2BP2_S360,-0.769554196257,7.67321308166e-10,-22.2135642029,2.60889244777e-07
IRF2BP2_S71,-0.454358154636,0.011018571286,-3.11224020815,0.0340311484816
IRF2BPL_S547,0.07373174712,0.399751434554,0.879538920982,0.543661950994
IRS2_S1176,0.654275198317,0.000579520101529,4.94884947655,0.00368293148635
IRS2_S1203,0.997594363861,0.000349231046205,5.29661539516,0.00260963858703
IRS2_S306,0.0469639389959,0.82664065405,0.224827998627,0.894376523077
IRS2_S619,0.590296299398,0.0147679216369,2.94069576862,0.0422828914234
IRS2_S915,0.715485726525,0.000635564742282,4.88671730049,0.00391116764481
ITPR1_S1577,-0.0152399958474,0.903933303711,-0.123791399851,0.938434574845
ITSN1_S904,0.300104468246,0.013966026339,2.97333150008,0.0406719396597
ITSN2_S889,-0.283471644935,0.00436114240458,-3.66386228672,0.0160597459023
IWS1_S248,0.447359741473,0.000382397194983,5.23343399247,0.00277022798014
IWS1_S377,0.0450678828412,0.526442778445,0.656301801523,0.660790880701
JUN_S63,-0.229327025157,0.00327599323971,-3.83795783208,0.0130655448856
KANK1_S325,-0.198969404458,0.0441209175737,-2.3017738615,0.10067860386
KANK2_S375,1.04929165961,0.000195814479208,5.7092082488,0.00171811414015
KEAP1_T112,-0.0474467342623,0.610625875267,-0.52559427667,0.728465956459
KHDRBS1_S20,-0.187767059599,0.00865836778435,-3.25422353833,0.0281035326652
KHSRP_S181,-0.0984557028012,0.349547935666,-0.981388161409,0.492568050209
KIAA1143_S50,0.0273759430839,0.67504078302,0.431810860794,0.77647864785
KIAA1462_S1044,-0.964179103295,2.01813586089e-09,-20.1261111727,5.48932954161e-07
KIAA1522_S342,0.235986695371,0.0340793717463,2.4530511598,0.0827641885266
KIAA1522_S545,0.199765697986,0.0733325746931,2.00045366877,0.14907668398
KIAA1522_S929,0.290954857077,0.0201660284048,2.75895213071,0.0542011830644
KIAA1671_S1701,-0.0980716417228,0.152302830366,-1.54950684905,0.260543206664
KIAA1671_T600,0.0401793199042,0.785964241343,0.278953623669,0.861904483844
KIF23_S867,-0.661301204645,0.000522654664286,-5.01880906992,0.00345053564771
KIFC2_S342,0.00368410971409,0.956040340337,0.0565207621251,0.968621493003
KLC1_S521,0.242308777593,8.7934471258e-06,8.27005827447,0.000213555144484
KLC2_S582,-0.42394170554,0.000423017464064,-5.1635926075,0.00293522322004
KLC3_S466,0.717981163863,4.35105744463e-07,11.5010503145,2.67882832722e-05
KLC4_S590,-0.216521618617,0.0409151512336,-2.34605245821,0.0941164382657
KPNA3_S60,-0.443619558438,0.000134585522713,-5.9860816173,0.00134558947086
KRI1_S177,-0.0028857045447,0.958128645208,-0.0538328159992,0.969534938604
KRT19_S35,0.302109931218,0.00532190854506,3.54391638322,0.0188484260971
KRT26_S14,0.401614893287,5.00466073819e-05,6.75604242861,0.000654455634994
KRT8_S37,0.214848084348,0.0525642970616,2.19861322404,0.115488600975
KRT8_S43,0.214052653829,0.0782380549911,1.96152409078,0.156631673961
KRT8_T26,0.0194308949196,0.842834711366,0.203488038022,0.899709783941
LAMB1_S192,-0.0370851625382,0.859239701473,-0.181973093351,0.904462843656
LARP1_S143,-0.19575247831,0.00143811571125,-4.35241980348,0.00746502811947
LARP1_S548,-0.0788737264025,0.265143193372,-1.18043610539,0.400660825539
LARP1_S774,0.0539019932535,0.415274179292,0.849883061705,0.555892558986
LARP1_S90,-0.218168197894,0.0222544788797,-2.70153943067,0.0583161681625
LARP1_T526,-0.649114933609,0.00246073584484,-4.01435201856,0.0107607741125
LARP4B_S601,0.111084343761,0.145861136196,1.57705751556,0.251740032014
LARP4_S643,-0.431663986554,0.000557415680205,-4.9751363809,0.00359282144587
LARP6_S409,-0.0158974896645,0.837988503142,-0.209863085982,0.898788930815
LARP7_S261,-0.0510796597302,0.589252587284,-0.557794932361,0.715520998844
LARP7_S299,-0.244805032362,0.0263463291379,-2.60320231969,0.0672568292796
LAS1L_S617,0.00951872550037,0.939693129958,0.0775791659163,0.961612232312
LASP1_S146,0.289622458639,0.0177700126879,2.83268121215,0.0492975864656
LASP1_T104,-0.053743839828,0.526623966789,-0.656008227993,0.660790880701
LCP1_S5,-1.07394506924,2.47314170579e-09,-19.7118023504,5.60578786645e-07
LEO1_S630,-0.0154022987387,0.83416168231,-0.214903753725,0.89818965294
LEO1_S658,-0.146478027955,0.0263587426515,-2.60292780032,0.0672568292796
LIG1_S141,-0.0864276099967,0.422050971078,-0.837174113758,0.561633386171
LIG1_S51,0.305386406051,0.0306494538038,2.51498866114,0.0757877403149
LIG1_S76,-0.104655710125,0.416832784955,-0.846947681461,0.557416506921
LIG1_T195,-0.273091057769,0.0416031333734,-2.33627169246,0.0954135942459
LIG3_S210,0.0213597478947,0.706928027598,0.386911167706,0.799187130119
LIG3_S242,-0.0461754460299,0.668704795359,-0.440842409932,0.772025897803
LIMA1_S225,0.143370559948,0.022082934553,2.70604736332,0.0579988734117
LIMA1_S362,0.0126306922403,0.933596317622,0.0854421959102,0.958981111756
LIMA1_S374,-0.119313361142,0.0752794642841,-1.98471820173,0.152124920396
LIMA1_S490,0.398862639599,0.597009494189,0.546038819801,0.721077186588
LIMA1_S609,-0.0673454920435,0.350321409521,-0.979741396629,0.492568050209
LIMA1_S686,0.0130312893013,0.918659354347,0.104731997033,0.947933779902
LIMCH1_S523,0.240814484634,0.0156902192414,2.90531105653,0.0444556211841
LIMCH1_S670,0.126974241981,0.152158290596,1.55011368918,0.260543206664
LIMCH1_S718,0.376041388463,0.0022363661688,4.07383510467,0.0102062348643
LIMCH1_S973,0.407712661599,0.00167860317031,4.2540984256,0.00824151737049
LINC00305_T65,-1.04236590722,0.00794919216704,-3.30477101677,0.0261132882782
LMNA_S22,-0.240256588184,0.0050264384056,-3.57823401748,0.0179421423402
LMNA_S390,-0.215952651556,0.0126583646205,-3.03086816181,0.0379157119494
LMNA_S392,-0.0474325160075,0.874435669022,-0.162126068494,0.916910184943
LMNA_S407,-0.398630988444,0.00929843012128,-3.21212785131,0.029340753979
LMNB1_S23,0.0585538725923,0.563739745739,0.597061112971,0.690090746985
LMO7_S1510,0.0392344507107,0.559894625525,0.603063245442,0.687856089173
LRPPRC_S1302,0.195955712277,0.131654029376,1.64184618815,0.233441303718
LRRFIP1_S521,-0.0611332883872,0.582949631972,-0.567408345134,0.70976857608
LRRFIP1_S733,-0.470287983127,0.000157705525757,-5.86807653192,0.00148944107659
LRRFIP1_T525,-0.341542008298,0.00245094574824,-4.01682654332,0.0107607741125
LRRFIP2_S328,0.300732948754,0.004961668368,3.58603644672,0.0177767579367
LRRFIP2_S333,0.0320673319078,0.730535491301,0.354211571074,0.818392313154
LRWD1_S212,0.0665752880485,0.544815911952,0.626827869459,0.676048941839
LRWD1_S243,-0.329848238589,8.83475029722e-05,-6.30642078549,0.000984857410181
LSM12_T75,0.73708004801,0.212580057946,1.33149628931,0.337744017298
LSM14A_S183,0.0322248637943,0.682276078944,0.421543664777,0.78082774146
LSM14A_S192,0.0580912517942,0.617615143925,0.515191290083,0.7348701625
LSM14A_S216,-0.150790565417,0.219709670649,-1.30932248221,0.344642620626
LSM14A_S227,0.130614346866,0.0761569067333,1.97775129866,0.153442063937
LSM14A_T194,0.266583232246,0.00368631185741,3.76589277377,0.01408253968
LSR_S464,-0.0593682280019,0.672584976978,-0.43530690207,0.775840177006
LUZP1_S659,0.0715365460583,0.104997227637,1.78251421279,0.196378433995
LYN_S13,-0.235714704466,0.0717340088805,-2.01367121531,0.146045287541
MACF1_S3927,0.231870974734,0.0304498061185,2.5188018067,0.0757877403149
MAF1_S75,0.0580696774214,0.33132396846,1.02098983192,0.472823291822
MAP1B_S1016,0.35546230628,4.85877387768e-05,6.78001136422,0.000647836517025
MAP1B_S1208,-0.101952766774,0.14485265399,-1.58146751792,0.251275012024
MAP1B_S1265,0.259938424319,0.00389907520861,3.73175531298,0.0146484593472
MAP1B_S1298,-0.0173987969977,0.858243927047,-0.183276301039,0.904462843656
MAP1B_S1378,-0.0175582298028,0.822329326886,-0.230527816216,0.891747299232
MAP1B_S1400,0.0614444707022,0.360976032918,0.957322877314,0.501970761521
MAP1B_S1427,0.107353305657,0.0409683319509,2.34529070709,0.0941164382657
MAP1B_S1501,0.15430961785,0.0274011631429,2.58032205033,0.0695253393178
MAP1B_S1666,-0.0406927382201,0.835321590034,-0.213375304365,0.89818965294
MAP1B_S1779,0.0846733517375,0.0880110830619,1.89035093377,0.17172894256
MAP1B_S1785,-0.106596466351,0.0306085417904,-2.51576804994,0.0757877403149
MAP1B_S1793,0.13461133938,0.110277467495,1.75225727738,0.204887098079
MAP1B_S1881,0.345346488006,0.00194656497387,4.1606992136,0.00922414064273
MAP1B_S1915,-0.428218947197,0.015074703335,-2.92868323774,0.042980286238
MAP1B_S1917,0.0764295748615,0.310927363953,1.06729400633,0.453103650633
MAP1B_S1965,-0.359821015763,0.00209564924019,-4.11443308519,0.00979409954176
MAP1B_S832,0.298598475966,0.00171141307483,4.2418487302,0.00834237197766
MAP1B_S937,0.194598671285,0.182120368456,1.43390138303,0.298774066466
MAP1B_T1503,0.0484463540676,0.552527600608,0.614627980942,0.682204252531
MAP1B_T1680,0.323239398541,0.0462304865375,2.27431295496,0.103923077175
MAP1B_T1913,-0.483117345533,0.00235891269943,-4.04060891609,0.010587858981
MAP1B_T1949,0.00700730127741,0.937761336833,0.08006999437,0.961612232312
MAP1S_S657,0.0382984833769,0.80494967831,0.253590233676,0.878596759632
MAP1S_S731,0.201758152711,0.0654904286048,2.06811496082,0.136188047252
MAP1S_S763,0.0992649534939,0.240941382799,1.2466350268,0.37067905046
MAP2K2_S23,-0.860148802449,2.13936869023e-05,-7.46831277327,0.000382599308347
MAP2K2_T394,-0.63024850966,2.65714368619e-07,-12.1215237705,2.01282478506e-05
MAP2_S1782,0.897532050012,3.06342764539e-06,9.30505589972,9.68898045983e-05
MAP3K7_S389,-0.0960160411562,0.352362111208,-0.975409386032,0.493524687171
MAP4_S1073,0.275013571713,0.00839236983731,3.27266637618,0.0274365936989
MAP4_S280,0.00396594190035,0.94124208125,0.0755823516168,0.962473105639
MAP4_S507,0.219951455701,0.00242276394141,4.0240080558,0.0107327653431
MAP4_S787,-0.146892242575,0.37823763783,-0.92199738074,0.521178508053
MAP4_S789,0.198922393088,0.273532491644,1.15861689401,0.411054352083
MAP4_S941,0.469903396434,0.0114743394204,3.08844454393,0.0351466252518
MAP4_T521,0.292023732507,0.00136591980516,4.38535924736,0.00723071222402
MAP4_T571,0.0592852632052,0.625120922253,0.504085621835,0.739273438491
MAP7D1_S116,0.412969112751,3.24342464959e-07,11.8672264195,2.20552876172e-05
MAP7D1_S399,0.199308535384,0.037482002237,2.39739654391,0.0881929464401
MAP7D1_S460,-0.119044349896,0.278041677629,-1.14710705775,0.415991948928
MAPK1_T185,-0.139635195448,0.512184035541,-0.679595903208,0.650392426084
MAPT_S438,-0.423263124463,8.49526074821e-05,-6.33677642727,0.000970886942652
MAPT_T720,0.253117646273,0.000267257225584,5.48527045724,0.00213805780467
MARCKS_S101,1.14374860523,1.9686412541e-08,15.9217371903,1.91239436112e-06
MARCKS_S170,0.204466432176,0.0692250665043,2.03498808351,0.142000136419
MARCKS_S26,0.90338235765,0.00339153767249,3.8167505356,0.0134474963107
MARCKS_S27,0.850781559111,7.63911181183e-06,8.40269016052,0.000203190150859
MARCKS_S77,0.764940597507,3.88973015128e-05,6.96209646245,0.000556845579551
MARCKS_T150,0.754783432832,5.33706293781e-09,18.2166740412,8.06489510602e-07
MARK2_S456,-0.0718853822401,0.0917603466726,-1.86498847036,0.17701286734
MARK2_S486,0.0126690485163,0.850165877813,0.193861193778,0.901892038866
MARK3_S469,0.672109982817,0.000234176218452,5.57978706845,0.00191855215117
MARS_S825,-0.263032995818,0.0160931490112,-2.89050838938,0.0454080553012
MATR3_S188,-0.0268334571278,0.699896469566,-0.396736457013,0.793877563477
MATR3_S195,-0.67639583621,0.00118427274698,-4.47712883516,0.006416776637
MATR3_S604,0.0730560773028,0.475716175024,0.741030264178,0.613827322612
MATR3_S747,0.0044291711531,0.952937298172,0.0605156557844,0.967897074946
MCM2_S139,-0.227505507263,0.00556122895389,-3.517538713,0.0194929674672
MCM2_S27,-0.241128734516,0.00176960169621,-4.22072065283,0.00852573599599
MCM2_S41,-0.276855651044,0.391926961244,-0.894790755713,0.534088844982
MCM3_S711,-0.0496968970823,0.590047778742,-0.556586003765,0.715847438973
MCRIP1_S21,-0.0323305192474,0.600146439859,-0.54130745655,0.721840614413
MCRIP1_S24,-0.0444126325475,0.821747977678,-0.231297015598,0.891747299232
MDC1_S376,-0.191960470178,0.0271375957293,-2.58595594695,0.0691144760148
MECP2_S80,0.63084426341,0.00218128886385,4.08939666432,0.0100221380231
MELK_S505,0.0298557891466,0.664588429448,0.446730842227,0.769880974489
MEPCE_S254,-0.0507368897227,0.497053397007,-0.704746230518,0.636527890706
MFAP1_T267,0.324754285216,0.125074481121,1.67399227759,0.226499726132
MFF_T138,-0.552999549498,2.79744920097e-05,-7.23810198446,0.000442387315502
MICAL3_S1156,0.186394557621,0.0623386425429,2.09749974879,0.13144271916
MICAL3_S1310,-0.213601717834,0.00255908328389,-3.99005222326,0.0110137761585
MICAL3_T1651,0.149236804741,0.486563409204,0.722460222046,0.627228660205
MICALL1_S578,-0.022689073511,0.786487841508,-0.278251573838,0.861904483844
MICALL1_S621,-0.284964844234,0.000592319513394,-4.93411223367,0.00372941915841
MICALL1_S640,-0.123644076619,0.53504659914,-0.642426302976,0.668287442308
MIEF1_T61,-0.50068581999,1.95921830762e-06,-9.77402896546,7.20145107667e-05
MINK1_S763,-0.0853761785912,0.415284441125,-0.849863710648,0.555892558986
MISP_S394,0.364924510648,0.00213980283137,4.10139335292,0.00989840765531
MISP_T377,1.19360383991,0.0157867177242,2.90173120569,0.044636041798
MORC2_S615,-0.325561675402,0.000194519784228,-5.71403981925,0.00171811414015
MPHOSPH10_S242,0.121254695547,0.345153064111,0.990796208841,0.488966840824
MPHOSPH8_S51,0.394357352321,0.0217784421224,2.71413600693,0.0576238935535
MPRIP_S993,-0.144428653534,0.646252565769,-0.473168059181,0.756594587008
MS4A6E_S63,-0.101137238975,0.295383134536,-1.10416068305,0.433824042084
MSH6_S227,0.37703729907,0.00096628672887,4.60928696688,0.00545290436209
MTCL1_S1808,0.776328734586,0.00081885974853,4.71804579778,0.00475918486325
MTDH_S426,0.333978675137,0.119552581159,1.70216702582,0.218243638089
MTFR1L_S103,-0.536467828258,1.77179569341e-05,-7.63326379638,0.000344234591862
MTFR1L_S238,-0.684886123489,1.71819555559e-05,-7.66039283916,0.000338658834145
MTMR3_S613,-0.521410432223,5.8492960439e-05,-6.63062897178,0.0007231856927
MTOR_T1162,0.1791108928,0.012768673583,3.02578626498,0.0379157119494
MTSS1L_S579,0.304521886997,0.0310997932575,2.50647686155,0.0762085023967
MTSS1L_S612,0.538757151062,1.11717185416e-05,8.04814005942,0.0002490743806
MVP_S873,-0.249748764379,0.0131775981007,-3.00732930236,0.0387911978723
MXRA7_S144,-0.953398200646,7.76903517991e-06,-8.38670943973,0.000203190150859
MYBBP1A_S1163,-0.00443098555574,0.953663294432,-0.0595809069135,0.967897074946
MYBBP1A_S1267,0.199054123686,0.100516162164,1.80930504057,0.190658271329
MYEF2_S17,0.503704401559,0.000700054145916,4.82206683732,0.00421271521436
MYH10_S1956,0.327161872993,0.341686085963,0.998280375189,0.484677063042
MYH9_S1943,0.162403629809,0.016400806018,2.87945598292,0.0459898890401
MYO18A_S140,-0.061338135301,0.650401491431,-0.467155472046,0.759919268339
MYO18A_S1970,0.762569332528,0.0367938818103,2.40824000877,0.0874819567517
MYO18A_S2020,0.0638290149103,0.503917659728,0.69327935822,0.642294299185
MYO18A_S2031,0.225470270821,0.128432090591,1.65740319238,0.230432246971
MYO9B_S1290,0.27646888942,0.00830097376331,3.27914226377,0.027203191128
MYO9B_S1405,-0.0400368544762,0.620537604401,-0.510859150221,0.736233376079
NAA10_S205,0.457016055743,0.0042727029711,3.67625858839,0.0158767104937
NAA25_S691,0.109921197202,0.321926737343,1.04204802014,0.463492426872
NAA30_S55,0.0604438243387,0.533802393078,0.64442472677,0.667866839546
NAP1L1_T62,0.210304589961,0.0181951927351,2.81889389754,0.049990832565
NAP1L4_S125,0.231847895063,0.0763087519835,1.9765533158,0.153520566121
NASP_S451,0.360344627533,0.00932534991372,3.21042316335,0.0293575830617
NASP_S480,0.186618004478,0.112124761655,1.74198339376,0.207751601976
NAV1_S541,0.493603557696,0.0110351003532,3.11135979577,0.0340311484816
NAV1_S808,0.879696125765,0.00206873589109,4.12252382597,0.00970165797203
NBN_S432,0.189910204571,0.00531940663082,3.54419859376,0.0188484260971
NCAPG_S674,-0.209527596114,0.0775901239816,-1.96653224884,0.155867900465
NCBP1_S22,-0.308428573451,0.0455787129388,-2.28266511067,0.102968520925
NCK1_S89,-0.0197556315253,0.8545865434,-0.188065806508,0.904462843656
NCL_S67,0.199976139871,0.035621920789,2.42717430836,0.0857448004833
NCL_T69,0.182287732256,0.0910068797171,1.87000720574,0.176058828471
NCOA5_S29,0.00210448132144,0.962712272338,0.0479345038047,0.973448840431
NCOR1_S2120,-0.05992338314,0.561038815686,-0.601274792845,0.688639701565
NCOR2_S2269,0.327246380352,0.0366208545955,2.41099788113,0.0872230512258
NCOR2_S956,0.253552850418,0.0350241138828,2.43706951241,0.0847558627769
NDRG1_S330,0.571259280809,1.1045151613e-08,16.9021951582,1.36558238124e-06
NDRG1_T366,-0.660755491267,0.00039648840975,-5.20834367336,0.00283935447565
NDRG2_S332,-0.438306064973,0.00158093350739,-4.29211594087,0.00799282368046
NEDD4L_S448,0.391960353195,0.00159138983917,4.28792906796,0.00801588956025
NEK1_S1052,-0.34626461525,2.52575328474e-06,-9.50522755605,8.53772635155e-05
NELFE_S179,0.0655211914751,0.457210968168,0.773342293073,0.599043272359
NES_S1418,1.84836918061,1.05096508981e-08,16.9890924957,1.36558238124e-06
NES_S1577,2.24114373376,5.17285918694e-09,18.2752591253,8.06489510602e-07
NES_S355,1.40289915367,2.16618726049e-05,7.45750442312,0.000382599308347
NES_S471,1.69611727045,1.33635991237e-10,26.5282706336,9.08724740413e-08
NES_S680,2.16245617958,5.57039139427e-12,36.5626764815,7.57573229621e-09
NES_S768,1.70172591586,9.98950937525e-06,8.15125888339,0.000234236771558
NES_S934,2.06262403173,6.96899720907e-08,13.9581179873,6.31855746955e-06
NES_T776,2.13852646633,3.14155953986e-09,19.2347242855,6.10360139172e-07
NF2_S518,-0.0444905534036,0.347960926751,-0.984775370803,0.49089923276
NIPBL_S2658,-0.0337356202578,0.67968652527,-0.425212778077,0.780052132931
NKTR_S468,0.188277054513,0.0180258713821,2.8243451813,0.0496258807279
NKX3-2_S13,-0.375184486981,0.00102060974529,-4.57359525328,0.00569297052806
NMD3_T470,-0.378644414511,8.71355528501e-05,-6.31711088633,0.000984857410181
NME1_S125,0.118071811658,0.380446521294,0.917560746877,0.52280255442
NMT1_S47,-0.0325635756829,0.596133718574,-0.547362056665,0.720659428676
NMT2_S38,0.439411819096,6.6610659032e-05,6.52730965803,0.000801685807819
NOB1_S201,-0.346275773756,0.0563903420178,-2.15704256916,0.120963509691
NOL8_S365,0.35909953601,0.0125367572089,3.03652307741,0.0376379465874
NOLC1_S538,0.430558992477,0.00196644029236,4.15431976591,0.00928596804727
NOLC1_S623,0.00137062837655,0.983473521512,0.021238099458,0.987102575097
NOP14_S96,-0.323920700028,0.0128721801769,-3.02105821685,0.038056880523
NOP2_S732,-0.375182122438,0.00287839174438,-3.91741950461,0.0119712928818
NOP2_S786,-0.357181856289,0.00110898723797,-4.51962556435,0.00608154291788
NOP58_S502,-0.325279042199,0.00120251749435,-4.46726056451,0.00648977695362
NPM1_S125,-0.22310857541,0.000757381768162,-4.76970735893,0.00443982415819
NPM1_S243,-0.334416450565,2.37024849594e-05,-7.37973347219,0.000400036598869
NPM1_S70,0.0198280785432,0.858610450788,0.182796577985,0.904462843656
NPM1_T199,-0.454659596005,0.00360815608405,-3.77895178472,0.0139011112587
NRBP1_T433,0.404884292787,4.72734410687e-07,11.3994724187,2.67882832722e-05
NSFL1C_S114,0.325452074641,0.376937256479,0.924617875828,0.520441288133
NSUN2_S751,-0.626803523003,5.12694242984e-06,-8.7875341369,0.000142594707585
NSUN2_T453,-0.226958344764,0.458822155166,-0.770495903341,0.599942252691
NUCKS1_S181,0.234139751542,0.00770005183505,3.3236380618,0.0255416353553
NUCKS1_S19,0.131455946729,0.044330605849,2.2989878169,0.100987644815
NUCKS1_S214,0.118032207978,0.112713239234,1.73874287148,0.208427548313
NUCKS1_S58,0.303331599211,0.0229873605022,2.68266401551,0.0598904411551
NUFIP2_S572,-0.113935857457,0.30463946989,-1.08203289938,0.445015766971
NUFIP2_S629,-0.0675022210471,0.291470846272,-1.11367448378,0.429776905976
NUFIP2_S652,0.40853951855,0.0306491031353,2.51499533713,0.0757877403149
NUFIP2_T631,-0.0409844495904,0.599964038637,-0.541582211624,0.721840614413
NUMA1_S1757,-0.00235669105535,0.974738845966,-0.0324665783071,0.981959133713
NUP160_S1157,0.137402279815,0.37951177264,0.919435987915,0.522404869221
NUP214_S678,0.264548110738,0.124039105674,1.67918858541,0.224924244955
NUP98_S623,-0.0798107414125,0.19587247382,-1.38600258991,0.315998297028
NUP98_S888,0.205600709836,0.000197266184196,5.70383136521,0.00171975647761
OGFR_S315,0.0820260518364,0.316736472813,1.05387796958,0.459871406156
OGFR_S378,0.293876764818,0.0759441327172,1.9794337639,0.153240386492
OSBPL11_S181,-0.0214242357603,0.814360993529,-0.241084170563,0.885316507754
OSBP_S240,0.0442930612301,0.755790472949,0.3196787373,0.839767192165
OSBP_S351,0.00591315219999,0.951179947859,0.0627785562435,0.967897074946
OSTF1_S213,-0.0710979013605,0.437718643769,-0.808310139331,0.578983004535
OTUD4_S545,0.221067097104,0.101236403572,1.80492592148,0.191224317858
OTUD5_S64,0.125349809407,0.155392138849,1.53665597904,0.264828707813
PACRGL_S230,-1.06308038265,3.59438418694e-07,-11.7380244302,2.32779166392e-05
PAGE1_S105,0.121544075722,0.13442585763,1.62873268512,0.23681239168
PAGE1_S63,0.054725874257,0.464107698381,0.761203383403,0.601703021734
PALLD_S1104,0.234187298308,0.421113067222,0.838924717675,0.561633386171
PALLD_S1121,0.484321627319,0.000404600569417,5.19432802521,0.00286592070004
PALLD_S893,-0.174878657112,0.0143646166523,-2.95687855076,0.041389573405
PALLD_T643,0.58519403067,0.0253597998973,2.62544109351,0.0651528761516
PALLD_T768,-0.0993365291031,0.518881781385,-0.668606426104,0.655835708814
PARD3_S144,-0.542396498474,0.0016006506911,-4.28424505072,0.00803278575607
PARD3_S383,-0.339479422202,0.00779938334239,-3.3160415359,0.0257455372467
PARG_S137,-0.252935303789,0.0827832918481,-1.92744710919,0.16316706799
PARP4_S1335,-0.0951969673723,0.185758858449,-1.4209364041,0.302396460653
PARP4_T1494,-0.0572724046202,0.594117127771,-0.550412888543,0.719792402441
PBDC1_S197,0.244033373413,0.0437810064968,2.30631759736,0.100070871993
PCBP1_S173,-0.0332762303529,0.754211478924,-0.32182522787,0.838697965116
PCBP1_S189,0.0090715883379,0.928208023885,0.0923962726283,0.955611591585
PCBP1_S190,0.0245481988839,0.893187411801,0.137730230009,0.930118591156
PCBP2_S173,0.0381969680393,0.675422235593,0.431268343907,0.77647864785
PCBP2_S188,-0.212959698438,0.144743601797,-1.58194601811,0.251275012024
PCDHGB4_T404,-0.010843987479,0.849674924564,-0.194505258366,0.901892038866
PCM1_S65,0.0778145954445,0.211626411377,1.33450899249,0.337308006912
PCYT1A_S315,0.36952385769,0.000194842916194,5.71283072239,0.00171811414015
PCYT1B_S315,0.36952385769,0.000194842916194,5.71283072239,0.00171811414015
PDCD4_S94,-0.0194731252953,0.846209491359,-0.199053973517,0.900752098248
PDCD5_S119,-0.398995179643,0.00851499100207,-3.26409097796,0.0277707140595
PDHA1_S232,0.524150048947,9.80923141629e-06,8.16814351057,0.000234044819757
PDIA6_S428,-0.81098542705,4.66414267548e-05,-6.81322915347,0.000634323403866
PDS5B_S1283,-0.267207524633,0.0112301972981,-3.10106864517,0.0344764522017
PDS5B_S1358,-0.121946972701,0.132347782179,-1.63854106956,0.234365864275
PDXDC1_S718,0.312482632566,0.0688031565828,2.03864441998,0.141347874551
PDXDC1_S737,0.302457218728,0.000208339823393,5.66416360511,0.00180472713258
PEA15_S116,-0.0623383465299,0.538322929916,-0.637176821976,0.671053331518
PELP1_S481,0.161543600842,0.600829164255,0.540279440687,0.721844225607
PEX19_S147,-0.933338746846,0.100933795349,-1.80676230203,0.191183790632
PFKP_S386,-0.095437502463,0.458157996423,-0.771668447328,0.599706328331
PGK1_S203,-0.40163807076,5.15840464095e-05,-6.73158642716,0.000668136220161
PGM1_S117,-0.3931927692,0.00017512231664,-5.79086611727,0.00161205844297
PGM3_S64,-0.36187111602,0.129058315922,-1.65435232251,0.231001839425
PGM3_T62,-0.161046465842,0.00786189418349,-3.31131181759,0.0258890462217
PGRMC1_S181,0.13000082608,0.318226712919,1.05046641668,0.460903439371
PGRMC1_S54,-0.229737907046,0.157496795563,-1.52802868779,0.267634834157
PGRMC2_S208,0.497079331387,0.0186454060647,2.80464421173,0.0511245004999
PGRMC2_T211,0.792931079981,0.00586282293169,3.4859244315,0.0204972729745
PGRMC2_T216,0.131885763611,0.52395168433,0.660344109708,0.659791009897
PHACTR4_S118,0.0732966909475,0.459220503714,0.76979316338,0.599942252691
PHACTR4_S628,0.0972346853151,0.459995648825,0.76842683423,0.600378198082
PHF6_S155,0.00885536820215,0.895505955164,0.134720390437,0.931819509581
PHLDB1_S461,0.311437117967,0.0152554341986,2.92172182489,0.0434045826572
PHLDB1_S470,0.658288580497,3.10363760204e-05,7.15032031152,0.000479653083951
PHLDB1_S563,0.172630561834,0.119916334995,1.70027525959,0.218614230018
PHLDB2_S203,1.35237029556,0.00696448384303,3.3832458409,0.0236792450663
PHRF1_S915,-0.210511447982,0.0259230592697,-2.61264057335,0.0663942760956
PI4KB_S428,-0.336595022147,0.000443351231472,-5.13127617089,0.00304524078183
PIK3C2A_S884,-0.362313352496,0.000517448000248,-5.02561638665,0.00343282575774
PKM_S37,-0.105413133981,0.101221606955,-1.80501559751,0.191224317858
PKN1_S562,-0.26442961231,0.0178132405664,-2.83126436233,0.0492975864656
PKN1_S916,-0.241392481924,0.00735758267136,-3.35062519445,0.0245855342335
PKN2_S583,0.312221232372,0.00102138588886,4.57310001793,0.00569297052806
PLEC_S1435,0.0239089136905,0.786483869947,0.278256898394,0.861904483844
PLEC_S4386,0.224953382218,0.0148862698518,2.93603195508,0.0425321995767
PLEC_S720,0.406846178524,0.00014979083181,5.90624962487,0.00144479100185
PLEC_T4030,0.223494374417,0.0546415631481,2.17569572551,0.118898517596
PLEKHA5_T857,-0.117810773566,0.0797889334408,-1.94969293018,0.158413064934
PLEKHA6_S777,0.0479415819597,0.598548058271,0.543716623788,0.721653687276
PLEKHA6_S867,0.157613956311,0.323271935962,1.03900548516,0.464265591464
PML_S403,-0.548050987256,8.8295862231e-05,-6.30687305368,0.000984857410181
PML_S518,-0.642922797734,2.42427082686e-05,-7.36035703243,0.000402074185919
PML_S527,-0.523465815588,0.00037263527891,-5.25140222697,0.00273937286117
PML_S530,-0.224104516291,0.0373863906904,-2.3988914666,0.088120435596
PML_S542,-0.352130359242,0.107410939712,-1.76851461717,0.200108052066
PML_T22,-0.0239889041324,0.675092757817,-0.431736932116,0.77647864785
PML_T867,-0.553219757969,0.000325806003548,-5.34523726439,0.00249288248759
PNISR_S211,-0.0699124858658,0.46348180618,-0.762300190216,0.601703021734
PNKP_T118,-0.795134246952,0.000104281633194,-6.17898486437,0.00110240889751
PNN_S100,-0.0930243147328,0.320725549307,-1.04477294817,0.463492426872
PNN_S443,0.17005634647,0.0284698473921,2.55801668869,0.0716913143004
PODXL_S519,-0.0163147804156,0.873871682297,-0.162861372543,0.916910184943
POGZ_S425,-0.119625265867,0.432638539803,-0.81759202577,0.574037477202
POLD3_S307,-0.108436083915,0.0885889125177,-1.88637746957,0.17249511342
POLR2A_S1878,-0.0716788067553,0.51346913042,-0.677480693169,0.650808963068
POLR2A_S1913,-0.00770241992766,0.968102202769,-0.0410009513778,0.977445431155
POP1_S730,-0.0734713973046,0.246683619765,-1.2304591912,0.3786565721
PPAN_S359,-0.0913776393633,0.0642451082408,-2.0795610656,0.134627653633
PPFIBP1_S601,0.0717508802115,0.597935306326,0.544641090687,0.721554584387
PPHLN1_S205,0.287262529566,0.0242939670483,2.65045759388,0.0629329432109
PPIL4_S178,-0.0359643760256,0.703147872543,-0.392188133099,0.795574963943
PPIL4_T182,0.166665868233,0.51577914239,0.673686505429,0.652520589443
PPME1_S243,-0.0813007055718,0.208236951261,-1.34530936994,0.333179122017
PPP1R10_S313,-0.121885484622,0.746850046487,-0.331853921099,0.831872287651
PPP1R10_S591,-0.116922694953,0.581298345013,-0.569936155247,0.708867013826
PPP1R12A_S299,0.307476998453,0.0528281757563,2.19565411957,0.115881159723
PPP1R12A_S445,0.253934126966,0.000711349262164,4.81139818201,0.0042618281786
PPP1R12A_S507,0.0501346417135,0.44836190913,0.789093000316,0.592011841181
PPP1R12A_S995,0.388592097526,7.72977058929e-05,6.41031382939,0.00091412939143
PPP1R12A_T443,-0.105363521745,0.257571989256,-1.20060429006,0.392710656264
PPP1R12C_S407,0.00833667285653,0.948250699938,0.0665512750124,0.967457578332
PPP1R12C_S427,0.062486586247,0.177164637703,1.45192171632,0.294552453884
PPP1R13L_S102,-0.210286032744,0.0448495745794,-2.29214719897,0.101828750297
PPP1R13L_S358,-0.0559436308511,0.322059076025,-1.04174827549,0.463492426872
PPP1R13L_S395,0.332173220372,0.0121649563794,3.05416529196,0.0366836822083
PPP1R13L_S526,-0.0865881078668,0.293674586087,-1.10830340095,0.431781013058
PPP1R18_S125,0.401598120967,4.98414975189e-05,6.75936638312,0.000654455634994
PPP1R35_S45,0.279360887628,0.000533578182956,5.00475943046,0.00350563443874
PPP2R3A_S180,-0.193484025843,0.507764935153,-0.686894102472,0.646592052255
PPP4R2_S226,0.12893296102,0.386756334382,0.904986989475,0.529696490192
PRKAR1A_S83,-0.172601670828,0.515437039067,-0.674247764506,0.652520589443
PRKAR2A_S99,-0.308982960736,0.00283735246266,-3.92626820939,0.0118732287668
PRKD2_T199,-0.41456370635,0.000545569379542,-4.98968539114,0.00356408495848
PROSER2_S179,0.0430046726088,0.498319107592,0.702624566053,0.637548434925
PRPF38B_S529,0.295730786499,0.0127375977551,3.02721338348,0.0379157119494
PRPF40A_S888,0.0347376680707,0.659643605074,0.453826555802,0.765456743089
PRPF4B_S277,0.131242725122,0.158022626344,1.52588898817,0.267634834157
PRPF4B_S852,-0.131475119803,0.22121907935,-1.30470485409,0.345940724132
PRPSAP2_S227,-0.492365208828,0.182979954962,-1.430818581,0.299101849457
PRRC2A_S1089,0.106935661088,0.328472230767,1.02733239584,0.469246043953
PRRC2A_S1219,-0.0364535139705,0.764237852332,-0.308222241211,0.846387198022
PRRC2B_S226,0.365788991395,0.0137327321689,2.98318398887,0.0402511115296
PRRC2B_S613,0.801104839009,0.134628437896,1.62778377366,0.236862452185
PRRC2C_S1544,-0.362313352496,0.000517448000248,-5.02561638665,0.00343282575774
PRRC2C_S2105,-0.220491822418,0.0682760779997,-2.04324212302,0.140885793732
PRRC2C_T2673,-0.207465564604,0.0503955173947,-2.22349081236,0.111990038655
PSIP1_S106,0.173723962578,0.151388571,1.55335386053,0.259960172424
PSMA3_S250,-0.173357196189,0.00306779459253,-3.87822335538,0.0125668694152
PSMC5_S257,-0.198954139805,0.282343026521,-1.13626372698,0.420576687917
PSMD2_S16,-0.0163246964367,0.846442045265,-0.198748583946,0.900752098248
PSPC1_S477,0.152081247687,0.276262029369,1.15163197207,0.414697969031
PTGES3_S113,0.259031815579,0.0354377884032,2.43020465903,0.0855462415339
PTK2B_S375,-0.629859175496,3.19620737541e-05,-7.12561853624,0.000488409216917
PTK2_S843,-0.117961042579,0.182830355186,-1.43135421023,0.299101849457
PTPN12_S435,-0.171423621665,0.156018135908,-1.53407929189,0.265562784525
PTPN12_S673,0.154043408323,0.1535675217,1.54421859664,0.262376670241
PTPN23_S1126,0.0985471841849,0.632756753376,0.492855543725,0.746356621502
PUM1_S709,0.0041681628871,0.974247541575,0.0330982723152,0.981959133713
PUM2_S136,0.0341981579427,0.792798198408,0.269802211661,0.867422003086
PUM2_S182,-0.0307413060316,0.680697816206,-0.423779156519,0.780052132931
PURB_S304,0.228775382731,0.00267182155238,3.96337383737,0.0113552415976
PWP1_S50,-0.0497100545769,0.535121341672,-0.642306339055,0.668287442308
PWP1_T55,0.094224638084,0.228071698254,1.28406291466,0.354083915098
PWWP2A_S81,0.157074700672,0.0477254888963,2.25557869931,0.106404368687
PXN_S106,-0.0694037499259,0.424343166845,-0.832906771527,0.564131678309
PXN_S303,0.276027793936,0.00698995314289,3.3810754287,0.0237020038668
PXN_S322,0.114367327073,0.0619657253537,2.10106972446,0.130893344605
PXN_S85,0.266126037601,0.00346979432437,3.80281158179,0.0136480854997
RAB11FIP1_S202,-0.0816612989368,0.512061073153,-0.679798461469,0.650392426084
RAB11FIP1_S206,0.367389909144,0.00870821331031,3.25083235519,0.0281181233143
RAB11FIP1_S357,1.59480079507,0.0118086687982,3.07159465,0.0358097938716
RAB11FIP5_S307,0.153914981421,0.00279347214057,3.93587903084,0.0117256855283
RAD23A_S128,-0.19163884091,0.0520440920274,-2.20448889599,0.11490254084
RAD23B_S160,0.17625004169,0.00469015868902,3.61993677778,0.0171160960134
RAI14_S281,-0.290775513125,0.00296065686997,-3.90007300199,0.0121727924396
RAI14_S327,0.00540111281313,0.954486405576,0.0585211879841,0.968010075752
RAI14_S412,-0.195653713612,0.215985220869,-1.32082999743,0.3415580237
RALY_S135,-0.304394155677,0.00174836004142,-4.22834739754,0.00849203448688
RALY_S288,-0.00746545083955,0.936800888246,-0.0813085862686,0.961546572087
RANBP1_S60,0.18562289276,0.426636607033,0.82865267024,0.566626743716
RANBP1_T18,-0.828162557829,1.54916585848e-05,-7.75237258989,0.000322448336565
RANBP2_S1400,0.0555818238461,0.49040664105,0.715943058747,0.630986785079
RANBP2_S2900,-0.0872266967135,0.852441993036,-0.190876383174,0.90360180088
RANBP3_S108,-0.28103763455,0.00555236677699,-3.5184943441,0.0194929674672
RAPGEF3_S864,-0.192828413372,0.0455559835929,-2.28295846339,0.102968520925
RAPGEF6_S230,0.16733941603,0.217092528626,1.31739162468,0.342826777775
RASGRF2_S746,-0.170501629578,0.0871352489905,-1.8964201406,0.170754954794
RB1CC1_S1221,-0.499028923247,0.0216778247802,-2.71683375488,0.0574694770002
RB1_T356,-0.219465016155,0.000413223676632,-5.17975505657,0.00290706412275
RBBP6_S1179,-0.148427468841,0.327478470578,-1.02955230927,0.468811284196
RBBP6_T1188,0.107353305657,0.0409683319509,2.34529070709,0.0941164382657
RBM10_S723,0.0872007443187,0.390057125027,0.898467010754,0.532393642088
RBM12B_S575,0.263987270673,0.00211688421888,4.10812613627,0.00985946074547
RBM14_S618,-0.275168870524,0.022090747373,-2.70584129321,0.0579988734117
RBM14_T206,-0.0040448260507,0.965104474621,-0.0448569077672,0.975142708384
RBM15_S294,-0.0895120920392,0.211809586693,-1.33392943833,0.337308006912
RBM15_T568,-0.259405688748,0.00168877054179,-4.25027559983,0.00826161128356
RBM17_S155,0.0311307418186,0.713513446781,0.377745858543,0.80462544579
RBM17_S222,0.0220145114858,0.501387197173,0.697495338748,0.639668469189
RBM25_S583,0.288098046107,0.00140054125475,4.36933933904,0.00732590810179
RBM25_S677,0.154094798508,0.0560373388775,2.16076266764,0.120660415657
RBM26_S131,0.213833524858,0.00922576298581,3.21675486977,0.0292471740343
RBM33_S765,0.0640055306638,0.543694112662,0.628610768597,0.676048941839
RBM34_S14,-0.752442428276,1.14497374013e-05,-8.02561080159,0.000251155530093
RBM39_S136,0.0295028498033,0.841683937298,0.205001017803,0.899311811739
RBM39_S97,-0.0206035693074,0.832095130117,-0.217628284379,0.897971923968
RBM5_S624,0.203896058122,0.00926401168508,3.21431477586,0.0293001299807
RBM6_S1025,-0.121284143117,0.102365922151,-1.79811567046,0.192822235631
RBMX2_S188,-0.0215835138971,0.738420077035,-0.343383159778,0.8251919959
RBMX_S352,-0.285942013547,5.50021532739e-05,-6.67992572808,0.000688540923253
RCC1_S11,0.0203340023227,0.67430330367,0.432860122468,0.77647864785
RCOR1_S257,0.247797097866,0.00308717631362,3.87435605615,0.0125739151959
REPS1_S482,0.263931707836,0.00226816991107,4.06503163647,0.0103167594617
REPS1_S562,0.864074577932,0.125970977993,1.66952413208,0.227819853817
RERE_S600,0.289563718952,0.0945232926392,1.84690577412,0.181826984426
RGS3_S806,0.0352104231637,0.909961000464,0.115984426,0.942533861867
RGS3_S943,-0.0813016652424,0.540938788156,-0.632998870835,0.673696659242
RGS3_S946,-0.40055175771,0.0369382672488,-2.40594837722,0.0876719781124
RGS7_S454,-0.0268334571278,0.699896469566,-0.396736457013,0.793877563477
RIC8A_S436,0.123791817366,0.0997384108849,1.81406633884,0.189495667818
RIC8A_S502,-0.256909141743,0.00484147045182,-3.60080028295,0.0175583995053
RIC8A_T441,-0.00591852643075,0.945920102149,-0.0695537048803,0.965804308501
RIOK1_S22,-0.552210948022,7.21717586095e-07,-10.8933290054,3.32759230819e-05
RIOK2_S390,-1.96148567068,2.10753927836e-05,-7.48133283237,0.000382167122475
RNF20_S136,0.167524053291,0.0877771619491,1.89196640211,0.171518592314
RPL13_S77,0.194512154198,0.0370227069727,2.40461224985,0.0877193057192
RPL27A_S68,-0.0839146346592,0.219219266597,-1.31082839774,0.344270441769
RPL28_S115,-0.264049819868,0.000237167772863,-5.5706681349,0.00193142617422
RPL28_S37,0.0660629852961,0.43626831865,0.810952679341,0.577726303178
RPL4_S295,-0.429650424004,0.00049039947571,-5.06219802815,0.0033181258058
RPP30_S251,-0.485175224286,0.00264237255052,-3.97022710009,0.0113007127947
RPRD2_S374,-0.391452256789,0.00701985207692,-3.37853792469,0.0237020038668
RPRD2_S667,-0.324956584252,2.38257091973e-05,-7.37527189224,0.000400036598869
RPRD2_T723,-0.579853834526,0.00382807492835,-3.74292650054,0.01447902392
RPS11_S67,-0.787437082143,0.000348412602487,-5.29825463787,0.00260963858703
RPS3_T221,-0.282072744437,0.0146552762475,-2.9451701722,0.0420488938748
RPTOR_S881,-0.0382279012878,0.629516594432,-0.49761263738,0.743179312871
RPTOR_T865,0.121082807234,0.130902602247,1.64544369322,0.232411930883
RRBP1_S1277,-0.118583913183,0.268387794966,-1.171933378,0.404664524561
RRM2_S20,0.470087063671,0.000175429889382,5.7895778613,0.00161205844297
RRP12_S1080,0.066607733086,0.555864710369,0.609378689075,0.684141181992
RRP1B_S245,-0.363107293229,0.00355909794223,-3.78730059888,0.0138692641875
RSF1_S1345,0.31019945342,0.00544199422013,3.5305303225,0.019173865646
RSF1_S604,0.649746600343,0.0026349443607,3.97196841005,0.0113007127947
RSL1D1_S427,-0.116126979659,0.326455624218,-1.03184247909,0.468101936072
RSL1D1_T358,-0.0942783559649,0.214680178702,-1.32490123611,0.339977451728
RSRC2_S32,0.0799651512772,0.230008968086,1.27832005348,0.356684374683
RTKN_S520,-0.210712994806,0.205771494912,-1.35325825702,0.329622182662
SAFB_S604,-0.131179955749,0.76907529594,-0.301681506328,0.848352541131
SAMD4A_S580,-0.732981733663,7.65395830927e-05,-6.4180209624,0.000913103798298
SAMHD1_T592,-0.302465202085,0.000894492349881,-4.65986962063,0.00511138485646
SART1_S448,-0.0393104185047,0.567829962091,-0.590701364788,0.694468298961
SASH1_S90,-0.0121145716434,0.912221539721,-0.11305864172,0.944156235936
SCAMP3_S76,-0.144551323139,0.126269742421,-1.66804143776,0.228056905302
SCFD1_S303,-0.468197828938,0.00518020823913,-3.56012070643,0.0184426261917
SDAD1_S585,-0.000784552832682,0.989888904675,-0.0129930485721,0.991346767568
SDPR_S24,0.624621529529,0.000111836992883,6.12571683803,0.00115225992667
SEC16A_S1786,-0.193348033438,0.328273120195,-1.0277767758,0.469246043953
SEC16A_S1905,-0.286893150884,0.185570218067,-1.42160322655,0.302396460653
SEC31A_S1163,-0.0962844311254,0.410558697351,-0.858810023304,0.553379413674
SEC31A_S799,-0.245888971199,0.0612871785519,-2.10761842139,0.130032079299
SEC61B_S17,-0.554484069563,0.00673977309335,-3.40275766155,0.0230303804195
SEC61B_S19,-0.285942696515,0.152277978899,-1.54961115017,0.260543206664
SEPT2_S218,0.0976022787848,0.321726802097,1.04250104603,0.463492426872
SEPT7_S334,-0.0399224996484,0.613433699166,-0.521407792138,0.731174260181
SEPT9_S30,0.224566242883,0.128118625333,1.6589353585,0.230432246971
SERBP1_S203,-0.473535900734,9.61090086544e-05,-6.24150134611,0.00104566601416
SET_S7,0.346165387055,0.000228394799721,5.59776959762,0.00191738844211
SF1_S80,-0.0118492366067,0.899954725734,-0.128948900024,0.935017896866
SF3A1_S329,-0.0936859353723,0.381412658037,-0.91562597101,0.523432103865
SGTA_S305,-0.0745963749718,0.323279055232,-1.03898940837,0.464265591464
SH2D3A_S180,0.0418943454053,0.526689201971,0.655902544165,0.660790880701
SH2D4A_S315,-0.0343284448878,0.64330009678,-0.477457974713,0.75616951739
SH3BP4_S246,0.349718214547,0.00206761323761,4.12286372144,0.00970165797203
SH3BP4_S296,0.742696135073,0.000162505697059,5.84591529804,0.00151375169863
SH3BP5L_S362,-1.30514063304,1.59947427567e-08,-16.2677586783,1.67329616532e-06
SH3GL1_S288,-0.210211344677,0.0126875023831,-3.02952142753,0.0379157119494
SH3KBP1_S230,0.0101619178377,0.929870489103,0.0902502053297,0.956598990302
SH3KBP1_S587,-0.289375958836,0.000302653106411,-5.39711827373,0.00235455557056
SHROOM3_S910,0.0149876043081,0.888507465182,0.143809755466,0.926210690995
SIM2_S68,-0.179344017136,0.0816706764516,-1.93562373672,0.161269529891
SIN3A_S289,0.109087253566,0.511900409765,0.680063169501,0.650392426084
SIPA1L3_S1501,0.137959080475,0.140649015216,1.60014739849,0.245864602434
SIRT1_S47,0.742469037191,0.126921167242,1.66481947466,0.228626208541
SKIV2L_S256,-0.0566623452654,0.55260153542,-0.614511486938,0.682204252531
SKP2_S64,0.905996793836,0.10512022055,1.78179376516,0.196378433995
SLAIN2_S48,0.11252262701,0.291679473688,1.11316465726,0.429776905976
SLC4A1AP_S312,0.109713256266,0.15785220387,1.52658178498,0.267634834157
SLC4A1AP_S82,0.226338268377,0.361357655874,0.956528879658,0.501988163421
SLC9A1_S703,0.137597363235,0.53353718688,0.644851048105,0.667866839546
SLC9A1_S788,0.298639253193,0.021469728669,2.72245324232,0.0570289667769
SLC9A3R1_S280,-0.355545116041,0.00099596299457,-4.5895327902,0.0055971474075
SLC9A3R1_S290,0.31278795255,0.00021042041674,5.65696345102,0.001805826822
SLTM_S289,0.163625634639,0.0214186256524,2.72384158901,0.0570045614233
SLTM_S553,-0.131925623307,0.0461615540008,-2.27519086941,0.103923077175
SLU7_S215,0.079585893286,0.363026288346,0.953064268645,0.503791583827
SMAP_S17,0.249442773742,0.20053080002,1.37042403258,0.32198570015
SMC4_S27,0.000624462823527,0.994174876343,0.00748529681329,0.994174876343
SNIP1_S35,-0.0701871208878,0.6146438574,-0.519606455817,0.731975171685
SNRNP200_S225,0.0633751768641,0.0970372963582,1.83087202094,0.185092178187
SNRNP70_S226,-0.116563104813,0.016333521093,-2.88185514644,0.0458958443936
SNTB2_S95,-0.170522528825,0.0383550426495,-2.38391652262,0.0897811669591
SNW1_S224,-0.167161897218,0.0741585654172,-1.99373020582,0.1502744784
SON_S1556,-0.0248388796006,0.609067555484,-0.527921999291,0.728465956459
SON_S1769,0.0773056070614,0.455001793193,0.777255719271,0.597876752409
SON_S283,0.0419174426933,0.595432708589,0.548421972607,0.720452387617
SORBS3_S530,0.25039968459,0.00704088938396,3.3767591752,0.0237020038668
SORBS3_S545,0.375504301595,4.98894115334e-06,8.81436456024,0.000142594707585
SOWAHC_S213,0.0507609923525,0.340132235,1.00165289118,0.483870125104
SP100_S157,0.0682502999654,0.6783963425,0.42704313322,0.779239042061
SP100_S18,-0.12151878144,0.105042399792,-1.78224952104,0.196378433995
SP100_S362,-0.00742193822828,0.933464462658,-0.085612310873,0.958981111756
SP110_S244,-0.170689455421,0.0787741899352,-1.95740940373,0.157198908274
SP110_S256,-0.23492549186,0.00244565285444,-4.01816868833,0.0107607741125
SP110_S380,-0.0443905594583,0.699650292067,-0.397081190882,0.793877563477
SPAG9_S733,-0.250645741659,0.00153107049862,-4.31249227228,0.007828029617
SPAG9_T217,-0.365566920394,8.00932926838e-05,-6.38258226403,0.000930138741104
SPECC1L_S384,-0.100156119323,0.587890926858,-0.559867085817,0.714505505386
SPECC1_S810,0.236195283282,0.000379775950437,5.23821019837,0.00277022798014
SPECC1_S847,0.06064933826,0.523911721952,0.660409049423,0.659791009897
SPP1_S310,-0.0781075371722,0.366906124381,-0.945052756869,0.508138828063
SPRY4_S125,-0.190126844395,0.239842852771,-1.24976518828,0.369406885356
SPTAN1_S1217,-0.208447378663,0.0070332257232,-3.37740651854,0.0237020038668
SPTBN1_S2102,-0.353197022552,0.0682411651499,-2.04354785412,0.140885793732
SPTBN1_S2106,0.0236804171805,0.792093480439,0.270744751441,0.867348738645
SPTBN1_S2138,0.415936713977,0.000900955393812,4.6551426179,0.00512677546269
SPTBN1_S2341,0.145100282818,0.0708582829456,2.02103045356,0.144913180159
SQSTM1_S272,-0.0813303470484,0.173706190255,-1.46475600818,0.289954456253
SQSTM1_S28,-0.220568410183,0.0470215890739,-2.26432749868,0.105179870297
SQSTM1_S332,0.126518764609,0.148810542058,1.56431278709,0.255856304929
SQSTM1_S366,-0.503498993853,8.19678932075e-06,-8.33607798022,0.000210332707098
SQSTM1_T269,-0.161869381102,0.036061703599,-2.41999841802,0.0864972079271
SRFBP1_S203,-0.468948618592,0.0246864252923,-2.64112105821,0.0638280197672
SRF_S224,-0.4148104693,2.62931493714e-05,-7.29084974838,0.000426322470698
SRPK1_S51,-0.34750740387,0.00162893269524,-4.27313197912,0.00808521337782
SRRM1_S450,0.236860577048,0.55362051139,0.612906855611,0.682614592467
SRRM1_S452,-0.404724030238,0.00041682169407,-5.1737702407,0.00290706412275
SRRM1_S463,0.0170159471572,0.897346443729,0.132332097525,0.93302076718
SRRM1_S597,0.0331449378131,0.620511830454,0.510897311493,0.736233376079
SRRM1_S616,-0.150980871195,0.0788884472047,-1.95653590826,0.157198908274
SRRM1_S696,0.0441653445244,0.47014355656,0.750674611062,0.607790149165
SRRM1_S738,0.177928118276,0.519940592071,0.666876947483,0.656563793145
SRRM1_S874,-0.131406826333,0.0199363780771,-2.76562610534,0.0539035272064
SRRM2_S1083,0.508998227441,0.00389849834799,3.73184521908,0.0146484593472
SRRM2_S1103,0.185052174023,0.0969811916697,1.83122564002,0.185092178187
SRRM2_S1132,0.27454391379,0.00494932429409,3.5875354512,0.0177767579367
SRRM2_S1179,-0.0918224693383,0.80456401639,-0.254103625149,0.878596759632
SRRM2_S1329,0.35239795849,0.0189531081874,2.79510303282,0.0517517271496
SRRM2_S1387,0.303749237974,0.0199061629893,2.76650994274,0.0539035272064
SRRM2_S1404,0.480146661825,0.00251942080196,3.9997321732,0.0109470041235
SRRM2_S1975,0.311580712479,0.00496703530585,3.58538591924,0.0177767579367
SRRM2_S2132,0.622755207591,0.32663877745,1.03143200062,0.468101936072
SRRM2_S2272,-0.322822072958,0.00294758753447,-3.90279484368,0.0121727924396
SRRM2_S2398,0.185673054036,0.0110809945852,3.10892230654,0.0340953679543
SRRM2_S2407,0.305176889603,0.00375134240093,3.75524517941,0.014290828194
SRRM2_S2449,0.347442079642,0.00109227089422,4.52947602604,0.00601412314226
SRRM2_S2453,0.0159907525539,0.939081714612,0.0783674587235,0.961612232312
SRRM2_S2581,0.272580627572,0.00363844305844,3.7738564329,0.0139699362121
SRRM2_S2702,-0.233612210377,0.39029151556,-0.898005502065,0.532393642088
SRRM2_S323,0.135095809669,0.167414000859,1.48868289581,0.281437628143
SRRM2_S398,0.149441240296,0.0686819130694,2.0396990636,0.141312256845
SRRM2_S876,-0.0438114536826,0.638412867907,-0.484579955475,0.75237565022
SRRM2_S894,0.253407176479,0.00950450172971,3.19920536378,0.0297836920562
SRRM2_S994,0.366911158696,0.451661499155,0.783196425534,0.595790144376
SRRM2_T1003,0.348883568372,0.000104566726308,6.17690033743,0.00110240889751
SRRM2_T1205,0.16025281284,0.0373341758387,2.39970944853,0.088120435596
SRRM2_T326,0.0142303742209,0.916386234444,0.107671097828,0.947025287876
SRRT_S74,0.00668334639542,0.888753640991,0.143489815354,0.926210690995
SRSF10_S133,-0.24177690253,0.000192222174671,-5.72269970164,0.00171811414015
SRSF11_S434,-0.148812921134,0.352176676685,-0.975802267686,0.493524687171
SRSF11_S449,-0.0397881517268,0.644629060933,-0.475525834926,0.756594587008
SRSF11_S483,0.0459180605512,0.569434332373,0.588213711824,0.695591214026
SRSF2_S26,-0.0337395685669,0.739151535907,-0.342380835879,0.8251919959
SRSF6_S303,-0.0463515998811,0.435272864221,-0.812769817507,0.576969878499
SRSF9_S189,-0.0156770915625,0.856688131854,-0.185313113344,0.904462843656
SRSF9_S204,0.101420471479,0.438068758578,0.807673091613,0.578983004535
SSB_S366,-0.20022035936,0.288509262702,-1.12094252731,0.426491953559
SSFA2_S739,0.367853852888,0.00031325518044,5.37285211372,0.00242060821249
SSH3_S37,-0.309390140601,3.48887483805e-05,-7.05233516189,0.000504773380824
SSH3_S9,0.29140602977,0.154447443842,1.54056174238,0.263548963143
SSR1_S268,-0.042730852185,0.769131384717,-0.3016057514,0.848352541131
SSRP1_S444,-0.0619445183513,0.402916051793,-0.873429315146,0.544290164581
STAT1_S727,-2.19323349139,1.36632515519e-06,-10.1662462135,5.63091579107e-05
STIM1_S519,-0.484606059216,0.00891855369903,-3.23673829563,0.0285393718369
STIM1_S575,0.111504392126,0.297422181518,1.09924079649,0.436323635969
STK10_S438,-0.102022731915,0.268374609157,-1.17196776682,0.404664524561
STK10_S450,-0.429019947864,1.5648228098e-05,-7.74340533315,0.000322448336565
STK10_S454,-0.546375719364,0.00324431165479,-3.84390945558,0.0130540350607
STK10_T952,-0.266122827138,0.00396699322448,-3.72126579966,0.0147811254392
STRIP1_S335,0.268666742088,0.00430020274948,3.67237563083,0.0159353562379
STRN3_S229,-0.148260418617,0.136227837839,-1.6203363705,0.238749818894
STRN4_S276,0.450499235799,0.400635800437,0.877828196391,0.544261633364
STUB1_S23,-0.302081429428,0.00041663651091,-5.17407691857,0.00290706412275
STXBP5_S759,0.113514540183,0.341768605484,0.998101590297,0.484677063042
SUB1_S118,-0.591492419989,5.13760343506e-06,-8.78549420489,0.000142594707585
SUPT6H_S125,0.00448040873704,0.9826703665,0.0222704135341,0.987102575097
SURF6_S138,-0.0366344047728,0.345876857781,-0.989240756262,0.489482337754
SVIL_S245,-0.811375987599,2.63665078504e-06,-9.46035849204,8.53772635155e-05
SYAP1_T248,-0.0890737743646,0.0997638957044,-1.81390978357,0.189495667818
SYMPK_S1243,0.388680963238,0.000289563872945,5.42836424342,0.00228957480934
SYNPO_S525,-0.143651649839,0.221542183876,-1.30371979414,0.345940724132
SYNPO_S819,-0.537923771047,0.00317372126313,-3.85739186807,0.0128460146365
SYNPO_S833,0.0683870841039,0.421121840713,0.838908329654,0.561633386171
SZRD1_S107,-0.260363726186,0.00245957354488,-4.01464525807,0.0107607741125
TACC3_S71,-0.537640562104,3.39048250012e-05,-7.07620478336,0.000495812494642
TAF2_S790,-0.24177690253,0.000192222174671,-5.72269970164,0.00171811414015
TAOK1_S965,0.287230707499,0.303286690178,1.0852342264,0.443516020046
TBC1D10B_S678,0.0508939620703,0.780776234488,0.285917951943,0.85833657907
TBC1D15_S675,0.128706056384,0.286431923036,1.12607527405,0.424806341689
TBC1D2B_S957,0.0425586552277,0.700649600096,0.395682129849,0.794069546776
TBC1D2_S920,-0.312273418778,0.00272012566112,-3.95230235683,0.0114887295004
TBC1D4_S570,0.0846735401143,0.55278609286,0.614220731021,0.682204252531
TBC1D5_S539,-0.893459317855,2.94424066791e-07,-11.9900698835,2.10745647808e-05
TBC1D5_S554,-0.224534291249,0.00127493668705,-4.42959462151,0.00685341460233
TCEA1_S100,-0.309116667974,0.00072823145203,-4.79578367021,0.00430837530349
TCEA1_S97,0.0879169888355,0.145508055159,1.57859843311,0.251449752245
TCEA1_T96,-0.00750371259989,0.974589476622,-0.0326586282344,0.981959133713
TCEAL3_S30,-0.0450872593578,0.64540622972,-0.474396818027,0.756594587008
TCF12_T468,0.428187445331,0.0304928163853,2.51797825229,0.0757877403149
TCOF1_S1228,-0.865244181432,1.06772762561e-05,-8.08975401495,0.000244057464403
TCOF1_S1350,-0.419883039468,8.64048374274e-06,-8.28650861454,0.000213555144484
TCOF1_S1376,-0.91901722701,0.00289714816832,-3.91341922713,0.0120125655759
TCOF1_S1378,-0.252408881841,0.00381115102072,-3.7456211984,0.0144781156094
TCOF1_S156,-0.931440091596,5.10611002155e-06,-8.79153367738,0.000142594707585
TCOF1_S381,-0.337937093302,9.9605731912e-05,-6.21407774464,0.0010751094873
TCOF1_S503,-0.622711769287,0.00350727411657,-3.79625159556,0.0137065885015
TCOF1_S583,-1.48577569569,0.000396674522333,-5.20801869801,0.00283935447565
TCOF1_S906,-0.393401258216,0.000554416359388,-4.97878861158,0.00359050594652
TERF2IP_S203,-0.246290991598,0.00029815118967,-5.40769894496,0.00234384750261
TERF2_S323,-0.297906829375,0.00912375330486,-3.22331371489,0.0290585143391
TFDP1_S23,-0.075247722675,0.173759471946,-1.46455661667,0.289954456253
TFE3_S556,-0.0410433264167,0.277691023047,-1.14799682185,0.415924880335
TFPT_S180,0.277509776667,0.0179948856382,2.82534834679,0.0496258807279
THRAP3_S243,0.0188764397065,0.76865279565,0.302252206648,0.848352541131
THRAP3_S379,-0.510163315151,6.31917651458e-07,-11.0501505616,3.18299261475e-05
THRAP3_S672,-0.669378922015,0.0659593074942,-2.0638589083,0.136953676629
THRAP3_S682,-0.190891796297,0.0406945209727,-2.34922308402,0.0941164382657
THRAP3_S928,0.776038344035,0.108247314,1.76373065396,0.201390351628
THRAP3_S939,0.239323297391,0.00589961349559,3.48218363193,0.0205203947673
TJAP1_S300,-0.0287684290661,0.581687931934,-0.569339421654,0.708867013826
TJAP1_S545,-0.0125458855694,0.840383306417,-0.206711641003,0.899229973821
TJP1_S125,0.210709136121,0.0309448896288,2.50939084639,0.0762051872756
TJP1_S617,0.539989845771,1.89378188205e-05,7.57470439376,0.000357714355498
TJP1_S912,0.384938524144,0.00227836668766,4.06223654072,0.0103285956507
TJP2_S1067,-1.50160361129,2.34748588943e-06,-9.58205775051,8.40152844636e-05
TJP2_S1159,-0.694247202935,1.09060893185e-06,-10.4181537034,4.78460692684e-05
TJP2_S130,-1.30518494953,6.80621606825e-07,-10.9622846697,3.30587637601e-05
TJP2_S174,-0.403772509086,0.00592818516642,-3.47929513555,0.0205671730264
TJP2_S244,-0.827978139732,0.0137840638695,-2.9810016388,0.0403146814247
TJP2_S266,-0.701176002787,5.85129366999e-07,-11.1418260811,3.06067668892e-05
TJP2_S966,-0.445260020017,0.000507517972599,-5.03880405033,0.00341695268681
TJP2_S978,-0.204128723052,0.689895205043,-0.410783443768,0.787128757432
TJP2_S986,-0.725336258837,1.79574145193e-07,-12.6353821539,1.52638023414e-05
TLE3_S286,-0.130154192248,0.0348222096046,-2.44044907717,0.0844174778294
TMC8_S522,0.00137062837655,0.983473521512,0.021238099458,0.987102575097
TMEM87A_S540,0.243624845276,0.122157771446,1.68873135063,0.222105038993
TMOD3_S25,-0.266441377654,0.057914870788,-2.14122876524,0.124038148459
TMPO_S180,-0.671686315147,0.000517329310649,-5.02577241462,0.00343282575774
TMPO_S184,-0.277318400124,0.0675362879834,-2.0497523796,0.139801144075
TMPO_S351,-0.0866153672024,0.377361560731,-0.923762122145,0.520498704457
TMX1_S247,0.215343803669,0.160526222519,1.51578594303,0.271006622713
TNIK_S680,-0.0130152782578,0.877341395479,-0.158339208745,0.91924830343
TNIK_S769,0.100754106808,0.639446470456,0.483071532372,0.752941298545
TNKS1BP1_S1385,0.0401154693527,0.728573924191,0.356912488974,0.81686771385
TNKS1BP1_S1666,-0.184780379475,0.555798233041,-0.609483084139,0.684141181992
TNKS1BP1_S435,-0.0930789402596,0.359998315813,-0.959359877679,0.501970761521
TNKS1BP1_S601,0.187805963995,0.259383765259,1.1957353973,0.394588278246
TNKS1BP1_S672,0.247167262602,0.00238745248814,4.0331311903,0.0106207950579
TNKS1BP1_S836,0.618439825642,0.0251367738473,2.63058796665,0.0647462356674
TNKS1BP1_S872,-0.0559031079639,0.51277053808,-0.678630149592,0.650529787116
TNKS1BP1_S984,0.116153005719,0.462567684706,0.763903802179,0.601703021734
TNS3_S1149,-0.191525708001,0.667365446028,-0.442756519783,0.772025897803
TNS3_S332,0.451793590635,0.000835753126141,4.70457017341,0.00481620445573
TNS3_S662,0.454795341213,0.0100042029083,3.16902532681,0.0310632784367
TNS3_T656,0.10141352594,0.402886449686,0.873486310513,0.544290164581
TNS3_T718,0.14266888111,0.263252717738,1.18542846986,0.399134555321
TOE1_S5,-0.0566765041402,0.388213591232,-0.902103692962,0.531157428647
TOM1_S461,-0.826609840908,1.19597248356e-06,-10.3144508251,5.08288305515e-05
TOM1_S462,-0.641768646022,1.61760072342e-05,-7.7138796363,0.000323520144685
TOMM70_S91,0.28786773123,0.0547282882464,2.17475725551,0.118898517596
TOP2A_S1106,-0.0475246664731,0.739451935374,-0.341969304476,0.8251919959
TOP2A_S1247,-0.307428235721,0.178565906177,-1.44678290626,0.294720427671
TOP2A_S1393,-0.0898686361183,0.382077789913,-0.914296003787,0.523816324881
TOR1AIP1_S143,-0.326158600486,0.00164411400823,-4.26725031463,0.00812120560433
TOR1AIP1_S215,-0.868037121551,3.38787865593e-05,-7.07684661082,0.000495812494642
TP53BP1_S1113,0.481302839052,0.00335119814957,3.82406758244,0.0133264019983
TP53BP1_S1114,0.357463548782,0.00212997423035,4.10427136242,0.00988656980642
TP53BP1_S1362,0.248931538362,0.000326274325582,5.34422898728,0.00249288248759
TP53BP1_S1678,0.907145711573,0.000230033683559,5.59262286621,0.00191855215117
TP53BP1_S294,0.781925339143,1.74484065951e-06,9.8987352644,6.77995227694e-05
TP53BP1_S500,0.236089946457,0.0014908007989,4.32946638295,0.00765090221321
TP53BP1_T382,-0.021664546769,0.836108897516,-0.212338153994,0.89818965294
TP53BP2_S737,-0.49220124096,1.60083025119e-05,-7.72314687272,0.000323520144685
TP53BP2_T700,-0.626614153973,0.000136278464919,-5.97672523158,0.00134558947086
TPI1_S58,-0.172837640086,0.0651945229116,-2.07081585151,0.135836772885
TPX2_S738,-0.315698876424,0.00668045609301,-3.4080203164,0.0228851896385
TRA2A_T202,-1.16209127674,0.00112558606577,-4.50999875617,0.00614777931506
TRA2A_T88,-0.231093302631,0.00872700046573,-3.24955936289,0.0281181233143
TRAFD1_S326,-0.273074895346,5.91162280848e-05,-6.62216227999,0.000724306938697
TRIM16_S60,0.149688285323,0.0710281110035,2.01959659564,0.145042388836
TRIM25_S100,0.0616342011836,0.586333084626,0.562240935188,0.713249548382
TRIM28_S473,-0.323283855389,0.000451394917384,-5.1189269529,0.00306948543821
TRIM28_S49,-0.0202125459792,0.620926237031,-0.51028383187,0.736233376079
TRIM49B_T59,-0.22322040282,0.14690928077,-1.57250252681,0.252907116263
TRIO_S2455,0.196684110105,0.055487887059,2.16659801879,0.120164850956
TRIP10_S296,0.258799890567,0.00177410535799,4.2191160267,0.00852573599599
TRIP12_S312,-0.0855854378889,0.13394603926,-1.6309853149,0.236273169123
TRMU_S410,-0.156887718192,0.256841197852,-1.20257595519,0.392035947339
TSC2_S1449,0.0152133476571,0.847274798131,0.197655179989,0.900933327176
TTC33_S197,-0.556538015724,1.07672410766e-05,-8.08202843457,0.000244057464403
TTLL12_S16,-0.402417591617,5.05852164371e-06,-8.80073702304,0.000142594707585
TVP23C_S223,-0.0673454920435,0.350321409521,-0.979741396629,0.492568050209
TWISTNB_S328,0.134352308204,0.0227812516593,2.68791083447,0.0594673747728
TXLNA_S514,-0.124175199445,0.380569506526,-0.917314264344,0.52280255442
TXLNA_S515,0.108242125947,0.297726716309,1.09850824221,0.436323635969
UBAC1_S98,-0.226572001453,0.0396045000191,-2.36513810493,0.0919148805905
UBAP2L_S454,-0.213065229496,0.0035058480701,-3.79649985024,0.0137065885015
UBAP2L_S609,-0.0291326406295,0.686247260611,-0.41592880686,0.784282583556
UBE2J1_S268,-0.0621601433028,0.80701626272,-0.250840445737,0.879440799118
UBL7_S230,-0.237759946193,0.0018453769623,-4.19427877882,0.0088370164392
UBR4_S2719,-0.143088488176,0.0272097048952,-2.58440919107,0.0691685956215
UBR5_S1549,0.0605615390526,0.319947027241,1.04654316388,0.462902081966
UCK2_S254,-0.262844564421,0.060027188063,-2.11996441244,0.128158517685
UFD1L_S247,-0.271818788996,0.0457404380447,-2.28058192205,0.103162513666
UNG_S23,-0.142595592298,0.169276446308,-1.4815207546,0.283866790355
UNK_S385,0.17318570616,0.563724526512,0.59708482467,0.690090746985
UPK3BL_S112,-0.440397365727,0.000723316728815,-4.80028929327,0.00430837530349
URI1_S378,-0.0583863802149,0.463924659308,-0.761524040573,0.601703021734
USO1_S942,0.154097243096,0.0619818484747,2.10091495284,0.130893344605
USP10_S576,0.213120893674,0.128396795431,1.65757554158,0.230432246971
USP15_S229,-0.370533901225,0.000361869371978,-5.27181146588,0.00267468666245
USP16_S552,0.459007412101,0.000648325755418,4.8733860485,0.00395391492094
USP24_S2561,0.150472580569,0.0969941841136,1.83114373389,0.185092178187
USP8_S718,0.0262502725603,0.780085348703,0.28684652484,0.85833657907
UTP14A_S407,-0.164570186973,0.114488098833,-1.72906170305,0.211239330022
VCL_S290,0.334944012087,0.000231623660401,5.58766716893,0.00191855215117
VCL_S346,0.322289331347,0.00142365116458,4.35887719055,0.00741825894186
VCL_S721,0.0533877903318,0.569771038547,0.587692124271,0.695591214026
VDAC1_S104,-0.318730003652,0.160611277872,-1.51544513165,0.271006622713
VEPH1_S783,-0.130513060403,0.217895473085,-1.31490745108,0.342983615042
VPS4B_S102,0.621123937014,4.35588408814e-05,6.8690337358,0.000610721892771
VWC2_S91,-0.454659596005,0.00360815608405,-3.77895178472,0.0139011112587
WAPL_S221,-0.0720885301636,0.133830961043,-1.63152664957,0.236273169123
WAPL_S77,0.0488073197851,0.649862881138,0.46793499055,0.759919268339
WDR4_S391,-0.0504595522805,0.403014849803,-0.87323911221,0.544290164581
WDR55_S14,-0.258263456063,4.0878053884e-05,-6.92115326502,0.000579105763356
WDR55_S382,-0.0290170304524,0.749088961417,-0.328799987206,0.833683295849
WDR70_S638,-0.0047984472463,0.95651372434,-0.0559114108207,0.968621493003
WIPF2_S235,0.448286171369,0.00136639194233,4.38513790773,0.00723071222402
WNK1_S2012,0.109375707925,0.46216028414,0.764619149071,0.601703021734
WRNIP1_S153,0.410270339605,1.17507920083e-05,8.00187537975,0.000253667890972
WRNIP1_S75,0.146095631632,0.00480564453628,3.60527448907,0.017475071041
WTAP_S306,-0.0173037439514,0.761035856586,-0.312559575609,0.844215958366
WWTR1_S89,-0.0750698063001,0.452825570861,-0.781122882447,0.596746876328
XRCC1_S241,0.0412004997351,0.621610110257,0.509271888858,0.73640222121
XRCC1_S447,0.00364248857681,0.949443837076,0.0650144541397,0.967897074946
XRCC6_S477,0.327901486204,0.0156406377461,2.90715907867,0.0444076562311
XRN2_S448,-0.295728202996,0.00689760616229,-3.38898416316,0.0235106375456
YAP1_S109,0.144698027134,0.00448499260301,3.64693530897,0.0164409432348
YAP1_S127,0.276055323626,0.00855383557566,3.26140086589,0.0278306612031
YAP1_S367,-0.119766122875,0.220194105651,-1.30783762871,0.345004589499
YAP1_T63,0.0609932494369,0.624766107741,0.504609100918,0.739273438491
YBX1_S167,-0.0822170526486,0.360617361447,-0.958069677318,0.501970761521
YBX1_S176,0.287644878876,0.0134073291665,2.99721415949,0.039382219582
YBX3_S38,0.109459696152,0.144838187827,1.58153097435,0.251275012024
YRDC_S37,-0.0197644143626,0.884020397038,-0.149644201451,0.924431460078
YTHDC1_S308,0.0264616745524,0.777290921763,0.290605089611,0.856657741975
ZAK_S637,0.308675431456,0.00237830271313,4.03551825975,0.0106207950579
ZC3H13_S198,-0.02054388776,0.693417497963,-0.405826450274,0.789822275736
ZC3H13_S993,-0.00891549542837,0.918536536602,-0.104890772389,0.947933779902
ZC3H15_S381,-0.0335619051136,0.744918732975,-0.334490986112,0.83040121053
ZC3H18_S46,-0.0738875640317,0.129089263208,-1.65420189668,0.231001839425
ZC3H18_S534,-0.201229771926,0.00364656423183,-3.77249768605,0.0139699362121
ZC3H18_S868,-0.126781690112,0.0452269464732,-2.28722112362,0.102514412006
ZC3H4_S1114,0.0137061973794,0.835629365664,0.212969829857,0.89818965294
ZC3H7B_S233,-0.800010800533,0.000547715997296,-4.98702419639,0.00356408495848
ZC3HAV1_S284,0.0418014188103,0.529997673521,0.650552758737,0.664328881095
ZC3HAV1_S378,-0.149444436645,0.13035884189,-1.64805852361,0.231749052249
ZC3HC1_S321,-0.120250246362,0.00732781323426,-3.35303193675,0.0245463694547
ZC3HC1_S335,-0.116750079877,0.0892330442436,-1.88197637026,0.173119743468
ZC3HC1_S344,-0.458985518595,3.26438569783e-05,-7.10791577516,0.000493284949894
ZC3HC1_S395,-0.187643166723,0.0294852071783,-2.53758062065,0.0738647441698
ZDHHC5_S380,0.0929873857127,0.552180694688,0.615174694887,0.682204252531
ZDHHC5_S554,-0.12228274023,0.628915156674,-0.498496976658,0.743114346722
ZDHHC5_S694,0.014987462449,0.939254119339,0.0781451733223,0.961612232312
ZFAND5_S48,-0.0988404307045,0.316837873212,-1.05364545223,0.459871406156
ZFP36L1_S54,-0.162715636308,0.336817314194,-1.00888600968,0.479656070475
ZFR_S1054,-0.186314537612,0.114628401145,-1.72830223495,0.211239330022
ZFYVE19_S354,-0.198690017487,0.0118224981238,-3.07090818469,0.0358097938716
ZKSCAN2_S789,0.501064050014,0.0200393853874,2.76262306421,0.0540745319977
ZMYND8_S425,-0.907325133267,0.146370416953,-1.57484070446,0.252298817561
ZMYND8_S547,-0.212339798925,0.088657414912,-1.88590800903,0.17249511342
ZMYND8_S668,-0.166100837069,0.0796939967198,-1.95041094985,0.158413064934
ZMYND8_S756,-0.103669601732,0.0281706640385,-2.56417630393,0.0710799686314
ZNF106_S1370,-0.152105893062,0.0236923080273,-2.66506730919,0.061609061027
ZNF106_S861,-0.317197256416,2.63316820137e-05,-7.28960040284,0.000426322470698
ZNF180_S643,-0.201772456045,0.00874556335437,-3.24830432773,0.0281181233143
ZNF609_S1055,0.230907151846,0.056160325817,2.15946403239,0.120660415657
ZNF709_T232,0.122302856601,0.262012588872,1.18871893999,0.397697679538
ZRANB2_S120,0.0101405388126,0.86155449862,0.1789449353,0.906198080528
ZRANB2_S153,0.235044802603,0.0096414482864,3.1907754973,0.0301433785506
ZRANB2_S188,0.179363443999,0.00394422739846,3.72476084236,0.0147366737964
ZYX_S308,-0.0743926142325,0.422030457278,-0.83721237469,0.561633386171
ZYX_S344,0.0729885622239,0.276600844924,1.1507687387,0.414748786215
