AACS_T410,-0.685201096829
AAGAB_S310_S311,0.385710158754
AAK1_S623_S624,-0.172206699297
AAK1_S734,0.150004376253
AAK1_T605,-0.384864961531
AATF_S203,-0.245093388243
ABCA13_S171,0.23176137372
ABCC4_T646,-0.290030672327
ABCC5_S505_S509,0.0412805660019
ABCF1_S109,-0.120295024215
ABCF1_S140,0.211325234875
ABCF1_T108_S109,0.453835966193
ABI1_S183,0.261572849846
ABI2_S183,0.24196173212
ABI2_T178,0.0534062032487
ABL2_S631,0.00588061469661
ABLIM1_S214,0.5402587888
ABLIM1_S353_S355,0.331971450276
ABLIM1_S367,0.575738190848
ABLIM1_S431,1.06933941296
ABLIM1_S640,0.456912111275
ACACA_S1259_S1263,0.152670312705
ACACA_S29,0.0145557188285
ACACA_S80,-0.191513617358
ACCSL_T409_T431,0.828804380965
ACIN1_S216,-0.461135216625
ACIN1_S410,-0.765426171682
ACIN1_S490,-0.692851166125
ACIN1_S898,0.00455592213757
ACLY_S481,0.140754860095
ACSL3_S683,0.0677156078308
ACSS2_S265,0.0622623664618
ACSS2_S580_S586,-0.445668286015
ACTA1_T305,0.0823476154782
ACTBL2_S266,0.367438498816
ACTBL2_S266_S272,-0.442868181194
ACTBL2_S272,0.120427693192
ACTBL2_S273,0.0566830129227
ACTBL2_S282,0.188836083424
ACTN1_T305,-0.341990039413
ACTN2_Y473,0.0116669063089
ACTN3_T221,0.145527839356
ACTN4_S507,0.592621171048
ACTN4_T682,0.261104728583
ACTN4_Y298,0.284395006654
ACTN4_Y485_T493,0.1798869512
ADAM19_S802,0.0776578248746
ADAM9_S758,0.14807155391
ADAR_T607,-0.443668826791
ADCY9_S688_S691,-0.581684773613
ADD1_S12,0.297861783684
ADD1_S358,-0.154153687221
ADD1_S431_S436,0.409416849736
ADD1_S436,0.00912316180939
ADD1_S64,0.256214079385
ADD3_S677_S681,-0.0668711379464
ADD3_S681,0.747971304086
ADGRE3_S271,0.552264331895
ADGRF3_S350_S356_S361,0.0380450642958
ADGRG6_S1195,0.0599262177811
ADNP_S953_S955,-0.204471756063
AFAP1L2_S484,0.517913119628
AFAP1L2_T541,0.140948038428
AFAP1_S668,-0.0543074103764
AFDN_S1182,-0.0563611856489
AFDN_S1201,0.461266725728
AFF1_S199_S203_S206,-0.399440081007
AFF1_S206_S212,-0.0382999984024
AFF3_S755,-1.19874468252
AFF3_S878_S881,-1.112461608
AFF3_S881,-0.310863779914
AFF4_S1043,-0.0285814138971
AFF4_S1058,-0.0513897570604
AFF4_S180,0.232567055697
AFF4_S487,0.363127434038
AFF4_S703_S706,0.390569627923
AGAP1_S521,-0.24829885142
AGFG1_S181,-0.329533755144
AGFG1_T177_S179,0.274478210875
AGFG1_T177_S181,0.0747361391477
AGO2_S828,0.280172192618
AHCTF1_S1222,-0.660558047551
AHCTF1_S1283,-0.42603294171
AHCTF1_S528,-0.251440634489
AHCTF1_T29,0.263841927227
AHNAK2_S4419,-0.247655368566
AHNAK2_S4785,-0.142993538871
AHNAK_S1010,0.911909460145
AHNAK_S1042,-0.0356818960148
AHNAK_S1068,-0.596136672204
AHNAK_S135,-0.753075764362
AHNAK_S1367,0.10497693305
AHNAK_S212_S216,0.106056301693
AHNAK_S216,0.105041970344
AHNAK_S2397,0.151092574341
AHNAK_S3412,-0.196876643718
AHNAK_S4220,-1.27809255894
AHNAK_S4516,0.0847273227942
AHNAK_S4684,-0.549179986519
AHNAK_S4960,-0.021289729421
AHNAK_S4993,0.314430576981
AHNAK_S4995,1.84188771581
AHNAK_S5031,1.03571578743
AHNAK_S5099,-0.0135869712123
AHNAK_S511,-0.271496488533
AHNAK_S5110,-0.0885691178029
AHNAK_S5214,-0.457137181475
AHNAK_S5400,0.482175779082
AHNAK_S5448,-0.0897700765555
AHNAK_S5552,0.382387877885
AHNAK_S5589,0.561022554742
AHNAK_S5620,0.293360217875
AHNAK_S570,-0.352801566105
AHNAK_S5731,-0.102794789181
AHNAK_S5749_S5752,0.0241572341691
AHNAK_S5752,0.102650919064
AHNAK_S5830,0.859591367889
AHNAK_S5841,0.181955592053
AHNAK_S5851,0.369935402925
AHNAK_S5867_S5870,-0.162807524355
AHNAK_S93,0.0429174941619
AHNAK_T4766,0.321261489928
AHNAK_T490,-0.302884690944
AHNAK_T4917,-0.0483074793361
AHNAK_T4999,1.0258112755
AHSG_S138,0.300370127123
AIMP2_T102,-0.468664222564
AIMP2_T82,-1.17257897211
AJUBA_S137,1.04641082077
AJUBA_S230,0.386700917712
AKAP12_S483,0.238198695083
AKAP12_S504,0.72195672851
AKAP12_S612,0.489029118741
AKAP12_S627,0.60962491922
AKAP13_S1282,0.55460949814
AKAP13_S1565,0.329640425664
AKAP13_S1602,0.847108260825
AKAP13_S1876,0.971140117135
AKAP13_S1906,0.31645393681
AKAP13_S1929,0.749697754111
AKAP13_S2345,0.645121187703
AKAP13_S2563,1.44934909619
AKAP13_S790,0.260623882757
AKAP13_T1149,1.21577196374
AKAP17A_S537,-0.175093809857
AKAP1_S429,0.0169771891054
AKAP1_T533,-0.344390678462
AKAP2_S393,0.891825924198
AKAP2_S778,1.34073124128
AKAP5_S178,-0.0508908864318
AKIRIN2_S21,-0.151323429338
AKNA_S885,-0.590811195281
AKR1B10_T182,0.165383722119
AKT1S1_S183,0.231944615588
AKT1S1_S88_S92,0.0181013528229
AKT1_S129,0.400240261803
ALDOA_S160,0.268441379193
ALDOA_S39,0.196350998709
ALDOA_T253,0.0674541939433
ALG3_S13,0.13578747751
ALKBH5_S361,0.146654398626
ALS2_S1464,-0.0385875277696
ALS2_S483_S492,-0.0237886313348
ALS2_T510,0.362043702694
ANAPC1_S1349,-0.408772546497
ANAPC1_S51,-0.22816913585
ANAPC1_S51_S60,0.109900852121
ANAPC1_S555,-0.268690831858
ANAPC1_S569,0.377748200761
ANAPC1_S688,-0.20522633215
ANAPC4_S777,0.0327318655142
ANAPC4_S777_S779,-0.140839485788
ANK2_S3793,0.0745107273141
ANK3_S1459,0.20430844068
ANK3_S2470,-0.0172275254938
ANKIB1_S884,0.34898042009
ANKRD12_S1819,0.0321896971474
ANKRD17_S2067,0.0599661808077
ANKRD17_S2401,-0.262803265778
ANKRD33B_S416,-0.546893749459
ANKS1A_S626,0.650096566422
ANKS1A_S647,0.329743351393
ANKZF1_S56,-0.0428953663803
ANLN_S792,0.354565652646
ANO3_S870,-0.862902755817
ANP32E_T105,-0.170545200897
ANPEP_S456,0.835203652923
ANXA1_T136,0.215953404173
AP3D1_S632_S634_S636,0.357565190095
AP3D1_S829,0.246825432825
APBB2_T312,-0.154675125184
APC_T1438,-0.271058261254
API5_S464,-0.518735892378
APPBP2_S413,-0.08297763365
APPL1_S401,0.18181768306
ARFGAP1_T189,0.498284589262
ARFGAP2_S432,0.59900903665
ARFGEF1_S1555,0.557124542828
ARFGEF1_T681,0.537335774743
ARFGEF2_S218_S227,0.481049097381
ARFGEF2_S227,0.0692789180236
ARFIP1_S79,0.348543026333
ARGLU1_S77,-0.847271052391
ARHGAP12_S103,0.397030360903
ARHGAP17_S575,0.234972379564
ARHGAP18_S66_S69,-0.0040806009598
ARHGAP18_Y78,1.26124588758
ARHGAP1_S50,0.145754467696
ARHGAP23_S554,0.303248154734
ARHGAP23_S611,0.0479788764092
ARHGAP23_T539,-0.0683807538212
ARHGAP29_S1185,0.138761094258
ARHGAP29_S190,0.257301740334
ARHGAP29_S357,0.524337103456
ARHGAP29_S519,0.226069747714
ARHGAP29_S589,0.12541314784
ARHGAP29_S913,0.630490991549
ARHGAP29_S98,0.0177922383657
ARHGAP31_S1374_S1378,0.275380482605
ARHGAP35_S970,0.289075979122
ARHGEF12_T736,-0.0152319606882
ARHGEF16_S107,0.415092691294
ARHGEF16_S577,-0.0500932328937
ARHGEF17_S463,0.810516169526
ARHGEF17_S507,0.284145568045
ARHGEF2_S151,0.181635068431
ARHGEF2_S886,0.21136081668
ARHGEF2_T679,-0.167834839044
ARHGEF5_S11,0.0391925957844
ARHGEF6_S684,-0.177588116305
ARID1B_S49,0.184841602292
ARL6_T111,0.241081792126
ARPC5L_S64,-0.0485550821348
ASAP1_S717,-0.0536891085148
ASF1A_S166,0.0344558971976
ASPSCR1_S275,0.279128083097
ASXL2_S524,-0.47968954272
ATAD2_S327,-0.0309031831198
ATF2_S112,0.389909747766
ATF2_S90,0.33719459551
ATF7IP_S113,-0.207361207443
ATF7IP_S477,-0.0837937902277
ATG13_S361,0.164648714594
ATG7_T702,-0.316146523376
ATN1_S632,-0.21901694155
ATP1A1_S16,-0.594679566298
ATP1A4_S700,0.242256022774
ATP2A2_T697_T700,0.227763518811
ATP2B1_S1178,0.618045555074
ATP2B1_S1216_S1220,0.301012275806
ATP2B4_S1162,0.50835429887
ATP2C2_S713,0.632420138783
ATP5B_S253,0.403656796333
ATP6AP1_S129_S130_S142,-0.172910990572
ATP6V0D2_T62_T66,-0.445921581404
ATRIP_S224,-0.0900710660136
ATRX_S1061,0.20651417398
ATRX_S1527,0.00439572284691
ATRX_S598,0.126980441726
ATRX_S84,-0.00543388342941
ATRX_T674,0.128744242146
ATXN2L_S424,-0.00203416806082
ATXN2L_S559,0.0201158220802
ATXN2L_S594,-0.479039193361
ATXN2_S667,-0.0184030021488
ATXN2_S728,0.307676831523
ATXN2_S772,-0.461051206632
ATXN2_S861_S863,-0.0480479839536
ATXN2_S861_S863_S865,0.212267386317
ATXN2_S889,-0.366230449118
AVEN_S268,-0.254616767205
AVEN_T272,0.00048169047499
B4GALNT3_S197_S203_S210,0.108623282399
B4GALT1_T362,0.0463261228725
BAALC_S87,-0.359627622549
BAG3_S173,0.648250998021
BAG3_T406,-0.254995332536
BAG3_Y114,1.36194961278
BAG6_S113,-0.279077560777
BAIAP2L1_T248_T252_T257_S261,0.0896496190265
BAIAP2L1_T409,0.122764106022
BAIAP2L2_S465,-0.134168848303
BAP1_S521,-0.0326404176196
BASP1_S164,0.346918900748
BAZ1A_S1413,-0.485162155467
BAZ1B_S1342,-0.277815399114
BBX_S481,0.483251739182
BBX_S844,0.448342532631
BCL2L12_S242,-1.1438117767
BCL2L13_S444,0.468191089845
BCL9L_S1017,-0.057323086727
BCL9L_S90,0.312714346629
BCLAF1_S177,-0.426066718096
BCLAF1_S222,-0.207469401762
BCLAF1_S285_S290,-0.0585668612715
BCLAF1_S290,-0.0432400973128
BCLAF1_S385,-0.186883425955
BCLAF1_S496,-0.312635871633
BCLAF1_S512,-0.236810904118
BCLAF1_S531,-0.196065323168
BCLAF1_S658,-0.319777195191
BCLAF1_S660,-0.367221093156
BCORL1_Y814,-0.394799720085
BICC1_S612,0.135983175144
BICC1_S633,-0.00856372486569
BICC1_S679,0.0114938113885
BICC1_S833,0.223138589632
BICC1_S836,0.184405172905
BICD2_S329,-0.420336708618
BICDL2_S379,0.0547806044272
BIN1_S331,0.1574640639
BIN1_T348,-0.0123985615523
BMP2K_S1107,0.793980072287
BMP2K_S715,0.684460943199
BMP2K_S949,1.23563711612
BMP2K_T829,0.613888741885
BMS1_S639,-1.20560786106
BMS1_T638,-0.026533925344
BNIP2_T116,0.0208006560905
BOD1L1_S1531,0.00265889024611
BRD2_S298_S301,-0.230667960535
BRD4_S1064_T1080_S1083,0.258249802565
BRD4_S601,-0.146578962719
BSDC1_S388,0.271812043311
BSG_T237,-0.0877702817282
BYSL_S98,-0.529821126497
C11orf84_S81,-0.461783417464
C15orf39_S586,-0.172514686482
C15orf52_S201,-0.105973497557
C16orf58_S194,-0.6605360654
C18orf21_S154,1.26281829951
C18orf25_S145,0.524281606839
C19orf47_S285,-0.230173836448
C19orf47_S287,-0.139510516188
C19orf57_S476,-0.584604079461
C1orf226_S249,-0.165928829656
C2CD5_S260,0.193771747741
C2CD5_T818,-0.462310304476
C6orf132_S558,-0.204796713483
C9orf78_S261,-0.507231178437
CA8_S195,-0.745606862551
CAAP1_S312,-0.0618400554499
CAD_S1859,0.777868851704
CAD_T1827,-0.223951463803
CALU_S44,1.41132260184
CALU_Y187,0.611166918859
CALU_Y275,0.198118085361
CALU_Y47,0.720740749415
CAMK2D_S114,0.154100842308
CAMK2D_S334,0.580241209487
CAMSAP1_S862,0.0739688786918
CAMSAP2_S1019,0.0264328250756
CAMSAP2_S416,0.624467913207
CAMSAP2_S464,0.548545135503
CAMSAP2_S496,-0.223243510149
CAMSAP2_S862,0.362361492767
CAND1_T1056,0.371472822647
CANX_S554,-0.58066157198
CANX_S554_S564,-0.669220894997
CANX_S564,-0.384564311198
CAP1_S25,-0.0972246725356
CAP1_S308,0.507502624261
CAPZA1_Y57,0.134062109647
CARHSP1_S41,-0.0316915390816
CARHSP1_S52,0.21349184074
CARMIL1_S1094,-0.557787880273
CARMIL1_S880,0.438259037498
CARMIL1_T916,-0.806036016542
CASP3_S113_S120_T130,0.281966702352
CASP8AP2_S404_Y406,-0.378144739967
CAST_S243,-0.10978860281
CBX1_S89,0.235480035024
CBX5_T145,-0.396435436861
CBX8_S191,0.22463962584
CC2D1A_S455,-0.0111132058722
CCDC14_S798,-0.163605417473
CCDC173_S181,0.325823371959
CCDC43_T139,0.168112120974
CCDC53_T65,0.0612773107562
CCDC6_S244,-0.0913305669126
CCDC6_S52,-0.0913150539214
CCDC86_S18,-0.106000300555
CCDC86_S58,0.230603610704
CCDC88A_T1682,0.459072732293
CCDC8_S261,0.511971571095
CCDC94_S211_S213,-0.349486617402
CCDC97_S221,-0.199998153238
CCDC9_S80,-0.0235790301564
CCNL1_S335_S338_S341,-0.226987011866
CCNYL1_S105,0.0277193341392
CCNYL1_S122,-0.119295471787
CCNYL1_S344,-0.0386567170849
CCT4_S152,-0.280199934561
CCT5_T76,-0.178047646799
CCT6A_S75,-0.280989579065
CD163L1_S1402,0.730331417147
CD163L1_T60,0.317764865186
CD2BP2_S141,-0.261370695078
CD3EAP_S128_S136,-0.007352925256
CD3EAP_S136,-0.209492422647
CD44_S697,0.280402304865
CD44_S704,-0.0839151149333
CD44_S706,-0.0122333890356
CDC20_T106,-0.383445807333
CDC42EP1_S121,0.38072018458
CDC42EP1_S190,0.213352743392
CDC42EP1_S192,0.00915232194612
CDC42EP2_S141,0.0869155956935
CDC42EP3_S220_S223,0.795675730084
CDC42EP3_S89,1.06474622195
CDC42EP4_S174,-0.418377072877
CDC42EP4_S322,0.122908775789
CDCA5_S75,-0.101419309619
CDK12_S383_S385,0.295632907067
CDK12_S681_S685,0.101934914148
CDK12_T1244,0.334588418056
CDK12_T893,-0.220708588137
CDK13_S525,-0.0125241906859
CDK13_T1147,0.0250562603564
CDK13_T494,-0.292865193838
CDK13_T871,-0.622228790052
CDK17_S180,0.3611513425
CDK18_S96,1.84812402752
CDK1_T161,-0.308977333662
CDK2_T160,-0.342752620091
CDK7_T121,-0.031239534739
CDKL5_S375,0.228581842285
CDR2_T67,0.436826834766
CDS1_S375,-0.297253459413
CDV3_S107,0.188497682835
CDYL_S88,-0.106506934566
CEACAM1_T477,0.109745991263
CEBPZ_S34,-0.294505333214
CEBPZ_S978,-0.349020779024
CENPC_T130,-0.170293315651
CENPF_T144,-0.727520931538
CEP131_S381,-0.886605742731
CEP131_S89_S105,-1.5145073153
CEP170B_S655,0.151490467561
CEP170_S1079,-1.07391452075
CEP170_T840,-0.138390052767
CEP250_T786,1.21929064191
CEP72_S237,-1.78194409056
CEP85_S556,-1.06469863401
CETN2_S20,-0.19329044467
CFDP1_S250,1.21706463103
CGN_S252,-0.0538262402826
CHAF1A_S123,-0.19891974674
CHAF1A_S65,-1.52227249105
CHAF1A_S775,-0.499966293861
CHAF1B_S410,-0.335247056581
CHAMP1_S108,-0.210124394334
CHAMP1_S204,0.0454046620482
CHAMP1_S204_S214,0.939860076516
CHAMP1_S284,-0.0286665410507
CHAMP1_S382_S386,0.23230884364
CHAMP1_S405,-0.108619258726
CHAMP1_S427,-0.209646070878
CHAMP1_S427_S432_S436,-0.0838233654488
CHAMP1_S603,-0.208673659351
CHAMP1_S87,-0.496202835688
CHD4_S1535,-0.209111849369
CHD4_T517_S531,-0.141717820004
CHD8_S1995_S2008,-0.391834717528
CHORDC1_T47,-0.110050014796
CHTF18_S871,-0.340245745067
CIAPIN1_S183,-0.980758883051
CIAPIN1_S215,0.187009237685
CIC_S142_S146,-0.000790208943134
CIC_S173,-0.147294056355
CIC_T144_S146_S154,0.101220120099
CIC_T305,0.185807611517
CIZ1_S350,-0.249814994763
CKAP4_S422,0.176925244036
CKAP5_T569,0.153119934737
CLASP1_T798,0.314895789585
CLASP2_S596,0.378471381082
CLASRP_S349,-0.103819015799
CLCN4_S687,-0.628307673759
CLCN7_S61,-0.514229328685
CLDN10_S88_S94,0.0810551641721
CLDN12_S231,-0.0491179219623
CLINT1_T306,0.301154793612
CLK2_S142,-0.554502517877
CLK3_S157,0.253566469155
CLMN_S619,1.44631615656
CLTC_T103,-0.05920932345
CLTC_T394,-0.0462992629119
CMTM8_T13,0.0173119941979
CMTR1_T30,-0.873978086868
CNN1_T170,0.0138585490057
CNOT2_S165_S169,-0.48576577233
CNOT3_S507,0.321109554463
COIL_S272,-0.372747099108
COIL_S566,0.0250032879893
COL1A2_S1046,0.0270926132607
COL4A1_S1433,0.10674517294
COL4A1_S560_S575_S578,0.733409291967
COL4A1_S656,0.0964513328249
COL4A2_S1475,-0.0458114214544
COPA_S730,0.72660754625
COPB2_S859,0.390658932704
COPB2_T861,0.465720102545
COPG1_T853,0.484499250469
COPG2_T110,0.0344598132051
CPD_T1368_T1370,-0.116760735444
CPSF6_T407,0.192313897802
CRTC2_S433,-0.288674483929
CSE1L_S503,-0.0878451875951
CSNK2B_S209,-0.326834381425
CSRP1_S192,1.18035661132
CSTF2_S524,-0.261580835477
CSTF2_T507,-0.276915778557
CT45A1_S103,-0.027355428
CTAGE5_S536,-0.262161944201
CTNNA1_S817,-0.14070485689
CTNNB1_S191,-0.113458239038
CTNNB1_S675,-0.21485417527
CTNND1_S269,0.209075673771
CTNND1_S288,0.0487317355537
CTNND1_S320,-0.412532291518
CTNND1_S349_S352,-0.0289662964292
CTNND1_S352,0.109725443499
CTNND1_S47,0.0663085258418
CTR9_S970,-0.316075199252
CTR9_T925,-0.303618580701
CTRB1_S113,0.650268326946
CTSD_S37,2.83632041929
CTTNBP2NL_S488,0.1307267807
CTTNBP2NL_S568,0.353411974083
CTTN_S261,0.714519477752
CTTN_S418,0.0867704973647
CTTN_S47,0.8139143638
CTTN_T401,-0.225691098813
CTTN_T401_S405,-0.174806097589
CUL4B_T85,0.173240979371
CWC22_S829,0.028152455801
CXADR_S332,1.32854689031
CYLD_S399,0.28157557985
CYP2B6_S393,-0.488994205687
DAB2IP_S702,-0.169902232136
DAB2_S227,0.187293654409
DAB2_S401,0.375662948239
DAB2_S423,-0.135892273155
DAB2_S464,-0.26018919599
DAB2_S467,-0.126016698902
DAG1_T790,0.11734564519
DAPK1_S289,0.0848053636007
DAPK1_T117,-0.892427811671
DAP_S51,0.234920280675
DAXX_S671,-0.289329456734
DAXX_S690,-0.0897761440971
DBN1_S142,-0.260163708795
DBT_Y114,0.0111391679559
DCAF10_S63,0.129532400661
DCDC2_S270,0.291304681379
DCDC2_T303,0.540975114233
DCK_S74,-0.289605711699
DCP1A_S523,0.522791068703
DCP1B_S147,0.192245940747
DCP2_S284,0.0425594611814
DDAH1_Y50,-0.426651705675
DDB2_S26,-0.40069038738
DDX10_S7,-0.619908713851
DDX1_S481,-0.310360990684
DDX21_S121,-0.773197308987
DDX21_S71,-0.80634393987
DDX21_S89,-1.36294372228
DDX39A_Y361,-0.183339056366
DDX39B_Y362,-0.0372470781195
DDX42_S185,-0.482905081847
DDX42_S733,-0.34612080038
DDX46_S295_S296,-0.489069459479
DDX46_S804,-0.768626791367
DDX46_S819,-1.24594574841
DDX54_T74,-0.749841288031
DENND4A_S1015,0.201972948561
DENND4C_S1404,0.321526017091
DENND4C_S467,0.543453704817
DENND4C_S732,0.0744542813285
DENND4C_S737,0.136560427238
DENND4C_S763_S764_T765,-0.811342473785
DENND4C_S767_S769,0.329137131735
DENND4C_T765_S767,0.218555205002
DFFA_S110,0.839587336999
DFFA_S315,-0.186076181862
DHX29_S200,0.375592878079
DHX8_S460,-0.0351296920932
DHX9_S506,0.431774039018
DHX9_S87,-0.232205234944
DHX9_Y370,-0.09995311882
DIAPH3_S175,0.0553254976904
DIDO1_S1522,0.679589537405
DKC1_S21,-0.97853082767
DKC1_S451,-0.0137291808123
DKC1_S451_S453,-0.227666737531
DKC1_S494,-0.30074408223
DLG1_S619,0.980554462411
DLG2_S758,0.363690003152
DLG5_S1146,0.243409107331
DLG5_S1232,1.37169154064
DLGAP4_S665,0.0614653316248
DMAP1_T445,-0.0159891169348
DMD_Y1882,0.302753306513
DMWD_S495,-0.110246127618
DNAAF2_S721,0.211939052724
DNAJA1_S83,0.222977745305
DNAJB14_S67,-0.456412529844
DNAJC2_S47,-0.815110267218
DNAJC2_S60_S63,0.0658865000604
DNAJC5_S10,-0.154043150762
DNHD1_S1212,-0.224345557011
DNM1L_S616,0.25294964515
DNM2_S764,0.0610432508472
DNM2_T755,0.730755145482
DNMT1_S127,-0.565960784561
DNMT1_S143,-1.55866533079
DNTTIP2_S141,-0.270305259448
DOCK8_T1160_T1165,0.592305306594
DOCK9_S1275,0.285034786734
DOT1L_S1104,-0.445729422447
DPYSL2_T509,-0.429340766642
DPYSL3_S522,-0.80758176192
DPYSL3_T507,-0.879656949686
DSG2_S680,0.778762816715
DSG2_T650,0.756776690032
DSN1_S58,-0.398050294325
DSP_S2606,0.214071268443
DSP_S2821_S2825,0.200429750993
DST_S1382,0.294259698026
DST_S7510,-0.979740173057
DTL_T191,-0.102556645708
DUS2_S445,0.365209006003
DYNC1H1_S1858,0.48398458043
DYNC1H1_S4368,0.298533193726
DYNC1LI1_S207,-0.0467292012033
DYNC1LI1_S516,0.270847229983
DYNC1LI1_T213,0.278025148472
DYNC1LI2_S205,0.512793888427
DYNC1LI2_S407,-0.335676738318
DYNC2H1_S3550,0.0952081778718
DYRK1A_Y321,0.27424360342
E2F1_S375,0.195897569047
E2F3_S359,-0.466388447383
EAF1_S158,0.409167562275
EBAG9_S36,0.358723554349
EDC4_S723,-0.0785222009952
EDC4_S875,0.144884212454
EDC4_T727,0.187769433191
EDC4_T807,0.080507280169
EEF1B2_T153,0.0790051055219
EEF1D_S133,-1.02710611062
EEF1D_S162,-0.0463074047982
EEF1G_T43,0.0266074236485
EEF2K_S72_S74,0.510368657827
EEF2_S23,0.223935841758
EEF2_T708,1.10209692611
EEF2_T779,0.026984758503
EFHD2_S74,0.13309211816
EFR3A_S694,-0.279537385017
EGFR_S1166,0.293972392431
EGFR_S991,-0.227486211975
EGFR_Y1092,-0.378820627216
EHBP1_S335,0.292990621645
EHD1_S456,1.0488178814
EHD1_T454,0.463645243741
EHD2_S468,0.669836383074
EHD4_S459,0.262251871363
EHF_Y105_S106,0.230444123343
EI24_S326_S330,-0.482366679406
EIF2AK2_S83,-0.547106576127
EIF2AK4_S349,0.184911046174
EIF2B4_S130,-0.196637152504
EIF3C_S39,-0.16987810734
EIF3C_T263,-0.274030218495
EIF3D_S389,-0.00603098056576
EIF3G_S42,0.0176016552968
EIF3G_T41_S42,0.154422696299
EIF3J_T109,-0.201036636507
EIF3K_S212,0.344502146499
EIF3L_S515,-0.196080019847
EIF4A1_S300,0.00250092808464
EIF4A1_T377,-0.122224448797
EIF4B_S462,-0.367023970786
EIF4B_S93,0.289477703691
EIF4EBP1_S101,0.1629984468
EIF4EBP1_S65_T68,0.481371268145
EIF4EBP1_S85_S86,0.371541798054
EIF4EBP1_T37_T41,0.286859186041
EIF4EBP1_T45_T46,-0.0694075674338
EIF4EBP2_S83,0.725388642827
EIF4EBP2_S83_T86,0.695251303134
EIF4EBP2_T36_T37,0.0343486968664
EIF4EBP2_T70,0.152012782156
EIF4ENIF1_S564,-0.4319602472
EIF4ENIF1_S951,-0.680455350944
EIF4G1_S1092,0.176026650262
EIF4G1_S1231,-0.415037745499
EIF4G2_S395,0.0642802830654
EIF4G2_T506,0.248011012379
EIF4G2_T896,0.0386958789352
EIF4G3_S1412,-0.372625286201
EIF4G3_S495,0.00993407140865
EIF5A_T76,0.126217546947
EIF5B_S135_S137,0.111583487833
EIF5B_S137,0.843881138809
EIF5B_S164,0.0569266592242
EIF5B_S214,0.0449376973953
ELAC2_S199,-0.0766004908585
ELAVL1_S202,-0.188434951583
ELAVL1_T293,0.135733002106
ELF1_S187,-0.0662557890721
ELF2_S107,-0.424057311047
ELL_S442,-0.0362653893294
ELMSAN1_S461,-0.091876804264
ELP3_T18,0.208478938893
EMC8_T140,-0.362032984479
EMD_S171,-0.346478272581
EMD_S49,0.0351825143163
ENAH_S508,-1.33282437236
ENO1_S370,0.238832570844
ENO2_S291,0.40556608887
ENO2_S305,0.110971428091
ENO3_Y236,0.981104989084
EP300_T887,-0.542646757929
EP300_T891,-1.39638391875
EPB41L1_S441,0.0978460765632
EPB41L1_S510,0.513838745685
EPB41L1_S546,0.257568250917
EPB41L1_S648,0.314786364161
EPB41L1_S648_S650,0.232139835212
EPB41L1_S685,0.525764048761
EPB41L2_S598,0.224743501342
EPB41L2_S647,0.741704808479
EPB41L2_S683,0.408973262166
EPB41L2_T812,-0.0785998495604
EPB41L5_S436,-0.0811929756284
EPB41_S684,0.253155115423
EPB41_T559,0.257603624206
EPHA2_S901,-0.254711092296
EPHB2_S776,-1.33508468018
EPN1_S435,-0.0940811480714
EPRS_T1429,0.0127453388872
EPS15L1_S255,0.100381641966
EPS15L1_S575,0.0679194381162
EPS15L1_S92_S97,0.221178646566
EPS15L1_T797,0.858538304802
EPS8L2_S459,-0.235821329721
EPS8L2_S463,0.212497074653
EPS8L2_S480,-0.0696935887951
EPS8L2_S570,0.128699942927
ERBB4_S444,0.619492266344
ERBIN_S1286,1.0140401232
ERBIN_S1310,0.0142572060386
ERBIN_S852,0.465530434712
ERBIN_S872,0.817122478482
ERBIN_S915,0.386935999168
ERBIN_T1116,0.416327984809
ERC1_S17,0.110551576629
ERC1_S17_S21,0.458998176692
ERCC6L_S1098,0.8665323858
ERCC6L_S820,0.178954658084
ERO1B_T350,-0.560816285319
ESF1_S153,-0.199714017329
ESF1_S198,-0.140666784991
ESRP1_T644,0.93151080007
ESYT2_S755_S758,-0.114156118059
ESYT2_S755_S758_S761,0.0819068986531
ESYT2_S758,0.349819286823
ESYT2_T793,1.45280105051
ETS1_S26,-0.0653892964689
ETV6_S323,-1.15959140399
ETV6_T18_S22,-0.338368542965
EVC2_S416_S417_S421,0.599506048382
EVI5L_S731_S734_S735,-0.236165170143
EXOC4_S99,-0.547930964306
EXOC7_S250,1.02730572313
F2RL1_S373,0.163166438346
F2RL1_S384,0.337776921452
F2RL1_S385,0.280340477612
F2RL1_S385_S387,0.283848216929
F2R_S418,1.02589540285
FAF1_S320,-0.0526924626512
FAM117A_S213,1.28769040127
FAM120AOS_T209_S211,1.3360780091
FAM122A_S147,0.237829524217
FAM122A_S270,0.25817418657
FAM122A_S37,0.161477626037
FAM122A_S76,0.117905106309
FAM122B_S115_S119,0.255886028713
FAM122B_S119,0.353845936014
FAM129B_S641_S646,-0.0647050807227
FAM129B_S646,0.219809531712
FAM129B_S665,0.298194995225
FAM129B_S665_S681,-0.0843396879801
FAM129B_S692,0.101941858504
FAM129B_S692_S696,0.282508754378
FAM134C_S258_S260,0.0246279512136
FAM171A1_S525,0.396399791846
FAM171A1_T357_S360,0.0236651884084
FAM179B_T1553,0.112502545269
FAM186A_Y493,-0.612047624885
FAM208A_S1193,0.767615810819
FAM208A_S979,0.0326269551438
FAM208A_T819,0.0368380044951
FAM208B_S1025,-0.122755941911
FAM208B_S2037,-0.0236533087306
FAM208B_S685,-0.176059244402
FAM219A_S64,0.268010118892
FAM21A_S619,0.0146562955328
FAM234A_S21,0.497871778194
FAM53C_S232_S234,0.0966277501524
FAM65A_S351,-0.178749099487
FAM65C_Y382,0.979668476935
FAM76B_S193,-0.328970182866
FAM83G_S127,0.335805280749
FAM83G_S356,0.477368045262
FAM83H_S1068,0.161329471068
FAM83H_S892,-0.115205165055
FARP1_S510,-0.278233624172
FARP1_S872,-0.0595657074723
FARP1_T24,-0.0746631733766
FARP1_T525,0.267341747879
FASN_T976,-0.0517296410036
FAT1_Y1272_T1277,0.46099606324
FBL_Y313,-0.115741566788
FBXL14_T228,-0.000198035275757
FCHO2_S387_S391,0.0023377570174
FCHO2_S488,0.130472996619
FCHO2_S488_S496,0.21721042647
FCHO2_S533_T542,-0.67833826476
FCHO2_T492,-0.0901857440829
FCHO2_T495_S496,-0.0246712746421
FERMT2_S181,0.19187165556
FILIP1L_S1000_S1013,1.37650114742
FILIP1L_S791,1.64369817414
FKBP15_S311,-0.038663653658
FKBP15_S346,-1.18206790467
FKBP15_S356,-0.197216302679
FKBP15_S956,-0.316613307677
FKBP15_T1141,-0.194752101857
FLII_S436,0.787003853344
FLII_S856,-0.553604228717
FLNA_S1459,-0.104495229549
FLNA_S1630,-0.385532209983
FLNA_S1734,0.22262946738
FLNA_S2128,0.170251385411
FLNA_S2152,0.140844969265
FLNA_S2180,0.402353313038
FLNA_S2414,-0.0520008458726
FLNA_S966,0.280837333697
FLNA_T2016,0.228893984529
FLNA_T2599,0.164503347298
FLNB_S1991,0.661234954357
FLNB_S2107,0.633040814134
FLNB_S2478,1.01605475338
FLNB_Y516,0.603029610378
FLOT1_S374,0.12308147099
FLYWCH2_S21,-0.138320729572
FMNL2_S1016,0.0769839103168
FMNL3_S174,0.00690320105665
FNBP4_S116,0.179892800162
FNBP4_S18,0.178127621732
FNDC3B_S208,-0.262031283054
FOSL2_S19,-0.0907506398579
FOSL2_S200,-0.00908157139146
FOXA2_S223,-0.88661547995
FOXK1_S213_S223,0.197633515273
FOXK1_S223,0.181869493501
FOXK1_S295,0.220256524983
FOXK1_S295_S299,0.361442374266
FOXK1_S299,0.2187569892
FOXK1_S304,0.30858394488
FOXK1_S420,-0.172831133929
FOXK1_S445,0.134798972541
FOXK1_T436_S441_S445,0.23569966242
FRAS1_T2098,-0.263269966501
FRMD6_S609,0.681788376744
FRYL_S2272,-0.152329217459
FSIP2_T4986,0.0251927679359
FTH1_S179,0.711203851135
FTSJ1_S328,0.0122806679886
FUS_S277,-0.901988240848
FUS_S462,-0.420773226499
FUS_T286,0.318751592947
FXR2_S601_S603,0.265247020161
FYTTD1_S15,0.446563804376
FYTTD1_S23,1.22071758222
G2E3_S438,0.369660682739
G3BP1_S232,-0.0923051601637
G3BP1_S67,-0.304965878373
GAB1_T638,0.539841871924
GAGE7_T40,0.404118806857
GALNT7_S103,0.726501461732
GAPDH_S125,0.00599208849945
GAPDH_S333,0.0109745147917
GAPDH_S83,-0.240057796939
GAPDH_T176,0.349201392502
GAS7_S163,3.63955008924
GATAD2A_T49,0.138577224172
GATAD2B_S134,-0.296602582172
GBF1_T1317,0.239658905354
GBF1_T1489,0.653522031861
GCC1_S620,0.325980224962
GCFC2_T428_S429,-0.638474881171
GFPT1_S261,1.02675185877
GFPT2_T309,-0.0140685627187
GGT1_T479,0.0658839035865
GIGYF2_S236,-0.315802429023
GIT1_S410,0.880879998503
GIT1_S410_S414,0.564690475606
GIT2_S415,0.77759995981
GLCCI1_S397,1.12812760751
GLCCI1_T175,0.00592820748075
GLG1_Y999,0.192964516866
GLIS3_S623,0.0245123548122
GLIS3_T523,-0.308022927139
GMPS_S332,-0.675247592274
GNG12_S49,0.531166038181
GOLGA3_S389,0.845068393774
GOLGA5_S116,0.345230862958
GORASP2_T415,-0.118413078514
GOT2_Y181,-0.171323016396
GP5_S164_T167,-0.613407758924
GPALPP1_S105,0.120883458224
GPATCH2L_S31,0.192476939903
GPATCH8_S1107,-0.188166613619
GPATCH8_S740,0.0282709136192
GPN1_S314,0.278570797443
GPRC5A_S301,0.880211092623
GPRC5A_S345,1.15280699222
GPRC5A_Y300,0.953053843999
GPRIN1_S615,-0.933040686044
GPRIN1_T877,0.607149090273
GPX3_S12_S20_S22,-0.0587221100263
GRAMD3_S72,0.423857681329
GRIPAP1_S691,-0.0542428078001
GSTP1_S43,0.402392639062
GTF2E2_T106,0.0536116174798
GTF2F1_T389,-0.592709668387
GTF2I_S831,0.295296228458
GTF3C1_S1068,-0.685208177971
GTF3C2_S893,0.330517373793
GTPBP1_S24,-0.380482569097
GTSE1_S345_S349,0.254359062476
GTSE1_S575_S580,-0.482150214757
H1FX_S31,-0.625237190916
H2AFY_T129,-0.665413195472
H2BFM_T98,-0.422998971785
H3F3C_S86_S96,-0.436723379944
H3F3C_S96_Y99,0.0344384601022
HABP4_S108,0.345619211376
HAUS6_S409,0.0763577490527
HAVCR1_S328_S329,-1.22149902003
HAVCR1_S329,-1.05199376031
HCFC1_S1507,-0.0704224446879
HCFC1_S1838,-0.0610870159535
HCFC1_S2020,-0.183144507816
HDAC2_S394,-0.121428821461
HDGF_S132_S133,-0.164740040474
HDGF_S165,-0.863080796509
HELZ_S1317,-0.0968523871203
HELZ_S1771,-0.152881894927
HERC2_S1577,0.295839989284
HIF1AN_T183,0.12992017212
HIRIP3_S223_S227,-0.50470768679
HIST1H1C_T146,-1.1437379592
HIST1H1E_T146,-0.798489155768
HIST1H1E_T18,-0.255323352017
HIVEP1_S536,-1.01926050381
HJURP_S123,-0.678849449711
HLTF_S51,-1.00890640659
HMGA1_S44,1.60591258175
HMGA1_S99_S102_S103,-0.0696854477799
HMGA1_T53,-0.397905549338
HMGA2_S44,0.216395113594
HMGB1_T136,-0.542253175196
HMGCS1_T490,-0.499855986844
HMGN1_S7,-0.588014272778
HMGN1_S8,-0.53429753301
HN1L_S97,0.137953803709
HN1_S87,-0.249462745122
HNF1B_S49,-1.39519166293
HNRNPA2B1_S259,-1.01315359023
HNRNPA3_S358,-0.488294063175
HNRNPCL1_S107,-0.0871977047459
HNRNPCL1_Y105,0.0223844959262
HNRNPCL1_Y113,-0.280868903639
HNRNPC_S113,0.66194434603
HNRNPC_S115,-1.00451457742
HNRNPC_S233,0.0227860528588
HNRNPC_S238,0.0610521086008
HNRNPDL_S241,0.452749942952
HNRNPD_S83,-0.4473384248
HNRNPF_Y272,0.0475556733781
HNRNPK_S116,-0.461402532115
HNRNPK_S121,-0.13652183478
HNRNPK_S127,-0.368060680014
HNRNPK_S216,-0.715046953994
HNRNPK_S379,0.151318279507
HNRNPK_T120,-0.197556875701
HNRNPL_T513,-0.0836335052144
HNRNPL_Y565,-0.222730927975
HNRNPM_S467,-0.630498538547
HNRNPU_S271,-0.675174516864
HNRNPU_T286,-0.811810509414
HOMER3_S256,0.849127297681
HOXD11_S223,-0.372539979172
HP1BP3_T51,-0.24306493873
HS1BP3_S254,0.237382515379
HSF1_S314_S319,-0.396019505171
HSP90AB1_S255,-0.0247076626403
HSP90AB1_T467,0.153657850871
HSP90B1_T329,0.240170102248
HSPA1L_S241,0.211607816461
HSPA9_T592,-0.710197922283
HSPB1_S15,0.4757718555
HSPB1_S199,0.841938387527
HSPB1_S83,0.505845671774
HSPD1_S175,-0.0739555996754
HSPD1_S70,0.297049586411
HSPH1_T815,-0.504502122911
HTT_S419_S429,0.428956277796
HUWE1_S3919,-0.271961322159
HUWE1_T3924_T3927,0.155460386306
IARS_S1047,-0.134940569723
IBTK_S1083,-0.224891858451
ICE1_S960,-0.288310917385
ICE2_T531,0.222146496794
IFIH1_S301,0.149413989977
IGF2R_S2409,-0.218508431734
IGF2R_S2484,0.132946364697
IK_S460,-0.346318030006
IL17RA_S708,0.194243851049
IL6ST_S667,-0.146149999696
ILF2_S322,-0.265092754879
ILF3_S382,-0.490272552465
ILF3_T592,-2.49701744477
IMMT_S397,-0.175284597575
INF2_S372,0.274558699628
INF2_T1148,0.000589287153479
INF2_T1148_S1149,0.0619082587336
INO80B_S63,-0.325026266138
INPPL1_S1003,-0.21279320755
INPPL1_S425,0.13096453876
INTS12_S128,-0.130356496334
INTS3_S502,0.045000694665
IQGAP1_S330,-0.192896860316
IQGAP3_S1424,-1.02565331831
IQGAP3_T1415,-0.418204623153
IRF2BP2_S175,-0.406479263151
IRF2BP2_S360,-0.801066199974
IRF2BP2_S406,-0.208796374335
IRF2BP2_S71,-0.519578270318
IRF2BPL_S547,-0.0427690963127
IRF2BPL_S622,-0.149517170231
IRS2_S1109,0.134405515283
IRS2_S306,0.833855434788
IRS2_S770,-0.0621328261544
IRS2_T1202,0.370400451122
IRS2_T777_T779,0.00488111347417
ITCH_S240,-0.0845787405119
ITGB4_S1069,1.59885866517
ITPR3_S2670,-0.433809678953
ITPR3_S934,-0.284273343157
ITPR3_S937,0.0305632718738
ITSN1_S203,0.240311460376
ITSN1_S904,0.340362862969
ITSN1_S986,0.253650881908
ITSN2_S889,-0.382439878832
IVNS1ABP_S246,-0.333936353825
IVNS1ABP_S338,-0.137403241925
IWS1_S362_S363,-0.261387582447
IWS1_S362_S363_S365,-0.460228605447
IWS1_S398_S400,-0.116752031382
JMJD1C_S2007,0.564049519877
JMY_S713,-0.485087105057
JUND_S255,0.366889083314
JUND_S255_S259,0.160906209442
JUND_S90,0.6460071395
JUN_S243,-0.0334727397729
JUN_S63,0.478984933955
KALRN_Y1982,-0.188196199967
KANK2_S375,1.17464639727
KANSL1_S268,-0.0693707882416
KAT7_S56,-0.159589939024
KAT7_T339,0.0727819202928
KAZN_S352,0.0196546277053
KCNA3_Y339_T342_T345,-0.056920438142
KDM2A_S721_S731,-0.0663135448493
KDM2A_T713,-0.0276077227781
KDM3B_S293,-0.899185256598
KDM3B_S731_S742,-0.657296396146
KDM5A_S928,0.0480547258344
KHDRBS1_S20,-0.376916081665
KHDRBS1_S58,0.35412736127
KHDRBS1_T119,-0.215879306403
KHDRBS1_T126,-0.223411074658
KHDRBS1_T61,-0.075527300477
KIAA0754_S155,-0.816343231254
KIAA0754_S619,-0.0621909039313
KIAA0754_S666,-0.530472870049
KIAA0930_S304,-0.0975455010392
KIAA1033_Y925,-0.374500498301
KIAA1143_S50,-0.18123983584
KIAA1217_S1044,0.404658325393
KIAA1217_S169,-0.17707625912
KIAA1429_S138,-0.16838000015
KIAA1429_S1579,-0.317736246534
KIAA1522_S545,-0.104008344376
KIAA1671_S1488,-0.259856555586
KIAA1755_T654_S661,0.267905716235
KIDINS220_S1521_S1526,-0.367705493505
KIDINS220_S1555,-0.437780653469
KIF11_T901,-0.110349796341
KIF1B_S1487,0.408398014295
KIF1B_S1659,0.311536719851
KIF1C_S915,-0.204242152996
KIF21A_S1239,-0.0480179517345
KIF23_S902,-0.465376025229
KIF5B_S933,-0.0247307589115
KIRREL_S574,0.237620595856
KLC3_S466,1.04865156488
KLC4_S590,0.268111653722
KLF16_S242,-1.12547676114
KLRF1_T26,0.0193259820667
KMT2A_S1685,-0.0889726006897
KMT2A_S2098,-0.00446678879605
KMT2A_S3527,-0.339102211881
KMT2A_T337,-0.0460705374551
KMT2D_S2251_S2260,-0.379929150287
KMT2D_S4738,0.218450279779
KMT2D_T2240,-0.106373973996
KMT2D_T4682,-0.173120785677
KNOP1_S42,-0.139571614988
KRI1_S628,0.223267840079
KRI1_S639,-0.144143698537
KRR1_T362,-0.0719004882572
KRT18_S401,0.281353482371
KRT18_S60,0.486228846055
KRT18_Y331,0.224225371823
KRT2_Y293,0.356913382889
KRT8_S24,0.917557257924
KRT8_S253,0.921245395184
KRT8_S410,0.64580174501
KRT8_S475,1.20958497864
KRT8_S58,0.0407816920738
KRT8_S74,0.102052199958
KRT8_T67_S71,1.28461412046
KSR1_S334,-0.243296175938
L1CAM_S1163,0.675692328062
L1RE1_S18,1.08077516063
LAMA3_S2928,-0.212566888286
LAMB1_S1649,0.396358604599
LAMTOR1_S27,-0.612323117972
LARP1B_S593,-0.248845634085
LARP1_S143,-0.353185249809
LARP1_S548,-0.406355832191
LARP1_S627_S631,-0.54754835329
LARP1_S766_S774,-0.309501228068
LARP1_S774,-0.707297027612
LARP1_S824,-0.243611899192
LARP1_S847_S849,-0.355376590415
LARP1_S90,-0.260423547493
LARP1_T138,-0.134141710516
LARP1_T376,-0.771963150876
LARP1_T526,-0.440216510705
LARP1_T649,0.0753106296611
LARP1_T785_T788,-0.195566142917
LARP4B_S526,0.266820020653
LARP4B_S533,0.338616501745
LARP4B_S601,0.0325454175179
LARP4B_T518_S524,-0.142717582034
LARP4_S583,-0.458733359639
LARP4_S597,-0.531518256822
LARP4_S647,-0.723188608397
LARP4_S722,-0.680430235114
LARP7_S337_T338,0.0216188193413
LATS2_S346,-0.643202091777
LBR_S99,-1.82264095656
LDB1_S302,-0.080974308584
LDHB_S70,0.315077042371
LDHC_S237_Y239,0.958683988929
LEMD3_S144,-0.66648508296
LEMD3_Y563_Y571_T577,0.0594648931695
LEO1_S630,-0.0303674616399
LIG1_S51,-0.669308782347
LIG3_S242,-0.36719657305
LIG3_T209,-0.433972066584
LIG4_T144_S154_S157_S160,-0.984280246721
LIMA1_S225,0.838272760598
LIMA1_S362,0.0478472410851
LIMA1_S490,0.147631763707
LIMA1_S601,-0.345127026359
LIMCH1_S523,0.46476871101
LIMCH1_S670,0.631399115246
LIMCH1_S718,0.812085027888
LIMCH1_T672_S680,0.588465313372
LIMD1_S277,0.353242003637
LIMD1_S316,0.429710911357
LIMD1_S423,-0.0820345321686
LIN9_T96,-0.747577591992
LMNA_S18,-0.0910819343819
LMNA_S390,-0.416203027094
LMNA_S390_S392,-0.882813863764
LMNA_S404_S406,-1.31281539719
LMNA_S406_S407,-1.3169739983
LMNA_S458,-0.803435088514
LMNA_Y259,-0.258987101243
LMNTD2_S607_S614,0.0505841208076
LMO7_S1004,0.226604831168
LMO7_S1493,0.620351158431
LMO7_S865,0.206461903551
LMTK2_S955,0.252919007914
LRBA_S1064,0.325533709139
LRCH4_S281,0.746535506284
LRRC47_S520,0.122638886039
LRRC7_S1118,0.80906358649
LRRC8A_S217,0.0424594244072
LRRFIP1_S116,0.295057678768
LRRFIP1_S565,-0.375604160139
LRRFIP1_S714,-1.25519376089
LRRFIP2_S328,-0.515117470708
LRWD1_S212,-0.631838281275
LRWD1_S243,-0.197439216079
LSM14A_S183_S192,-0.26301466603
LSM14A_S216,0.157137286385
LUZP1_S394,-0.129754448865
LUZP1_S435,0.114772994488
LUZP1_S659,0.359801158567
LYN_S13,-0.185042541673
MACF1_S1376,-0.0536430449562
MACF1_S3331,-0.0281240117238
MACF1_S4496,-0.746548314192
MACF1_S4962,0.322733789929
MACF1_S5808,0.140606550086
MACF1_T1475_S1482,0.00182334676488
MAF1_S60,-0.169744005062
MAF1_S60_S68,0.0828345100151
MAGEC1_S1062,0.178138751523
MAGEC1_S217,-0.0890311920547
MAP1A_S1172,1.33403728284
MAP1A_S1218,1.52478878717
MAP1A_T1084,1.47556485427
MAP1A_T1224,1.19419430144
MAP1A_T576,1.16318492505
MAP1A_T898,2.05489835821
MAP1B_S1256_S1258,0.415004949617
MAP1B_S1265,1.1452263705
MAP1B_S1298,0.823601919723
MAP1B_S1322,0.444532396734
MAP1B_S1339,0.547811071666
MAP1B_S1378,0.779774499227
MAP1B_S1396_S1400,0.561704465328
MAP1B_S1400,0.586108261946
MAP1B_S1438_S1443,0.419047242424
MAP1B_S1443_S1446,0.791944661459
MAP1B_S1501,0.634767183561
MAP1B_S1653,0.433347426036
MAP1B_S1779,0.370623145003
MAP1B_S1792,0.905712808581
MAP1B_S1793_S1797,0.694804022962
MAP1B_S1915,0.443525016384
MAP1B_S1915_S1917,0.0975450468028
MAP1B_S2271,0.142600666749
MAP1B_S343,0.437914050347
MAP1B_S561,0.987964633676
MAP1B_S614,-0.127461610463
MAP1B_S831,0.537614269371
MAP1B_S831_S832,0.843377769425
MAP1B_T1282,-0.0231630406131
MAP1B_T1503,0.409316379271
MAP1B_T1949,0.121888476576
MAP1B_T704,0.123621228602
MAP1LC3B2_S61,0.0881055696926
MAP1S_S632_T638_S640,-0.0933316150622
MAP1S_S731,0.0160659385312
MAP1S_S759,0.490916242968
MAP1S_T638_S640,0.297347861038
MAP2K1_S298,0.968347644516
MAP2K1_S377,-0.0133618479768
MAP2K1_T292,0.298818778958
MAP2K1_T386,0.251711807662
MAP2K2_S23,-0.469676172066
MAP2K4_S90,0.530708318712
MAP2K4_Y397,-0.168588863952
MAP3K5_S1033,-0.0323903659577
MAP4_S1002,1.39525514209
MAP4_S1073,1.13533502162
MAP4_S280,0.359552533816
MAP4_S507_S510,0.577649198381
MAP4_S624,-0.267730471889
MAP4_S713,0.0398350910929
MAP4_S787,-0.226667662458
MAP4_S827,-0.0633358246666
MAP4_T521,0.560080955374
MAP4_T526,1.59174229238
MAP4_T687,-1.0618169455
MAP7D1_S116,-0.64670443679
MAP7D1_S460,-0.972104862557
MAP7D3_S185,-0.00105830323968
MAP9_S79,0.333571825013
MAPKAPK2_S379,-0.299475880202
MAPRE1_S155,-0.166941979889
MAPT_S420_S427,-0.159175245697
MAPT_S519,0.734996017079
MARCKS_S145,1.00201691514
MARCKS_S26,0.24560344907
MARCKS_S27,0.530025299095
MARCKS_T150,0.825215756718
MARK3_S469,0.257147994577
MARS_S825,-0.636678528428
MAST2_S1381,-0.0397291696862
MAST2_S74,0.150590853781
MAST2_S900,-0.092301409031
MASTL_S453,-0.374301356576
MAT2B_S282,-0.0314954949363
MATR3_S188,0.0668110454955
MATR3_S596_S598,-0.275558978754
MATR3_S604,-0.529879872053
MBD1_S297,0.0934946030172
MBOAT2_T474,0.100925493888
MBP_S96,0.607072102812
MCC_S294,0.341146004655
MCL1_S162,-0.12558918721
MCM3_T163,0.125997571537
MCM3_T713,-0.615975019171
MDC1_S168,0.0113148356184
MDC1_S329,-0.319399204309
MDC1_S372,-0.0408417231189
MDC1_S402_T404,-0.316816374052
MDC1_S411_T415,-0.901918350695
MDC1_S780,-0.398647822136
MDC1_T1781,-0.203489086089
MDC1_T378,-0.441704124632
MDC1_T404,-0.091235432629
MDFIC_S89,-0.320372727637
MECOM_S62,0.259204852802
MED13_S890,-0.291015257356
MED14_S995,0.251902035037
MED1_S1156,-0.605620657408
MED1_S1223,-0.817923125576
MEF2A_S255,0.404618962311
MEPCE_S217,-0.0563644866044
MEPCE_S254,-0.0737094948993
MEPCE_S330,0.0735257450484
MEPCE_S69,-0.169042253564
METTL14_S399,0.121143634569
MFAP1_S52_S53,-0.435887493693
MFAP1_T267,-0.464922525587
MFF_T138,-0.168805933966
MGST1_T118_T123,0.203821031393
MIA3_S1678,-0.201458530427
MICAL3_S1173,0.478394282722
MICALL1_S295,0.125228140663
MICALL1_S390,0.18090912702
MICALL1_S621,-0.253791555093
MICALL1_S640,-0.184457880192
MICALL1_S640_S644,0.247366794262
MICALL2_S153,0.753368976904
MICALL2_S249,-0.0611926001042
MINK1_S778,0.126941298466
MITF_S502_S504,-0.4244030771
MKI67_S1131,-1.07759268326
MKI67_S2105,-0.745278470679
MKI67_S2223,-0.56433651101
MKI67_S2344,-0.783650085449
MKI67_S2466,-0.431240764333
MKI67_S252,-0.161795680935
MKI67_S2588,-0.832395804648
MKI67_S2708,-1.21125941716
MKI67_S2828,-1.18442705512
MKI67_S357,-0.530543122034
MKI67_S584,-0.460822679216
MKI67_S859,-1.8775325282
MKI67_T1335,-0.0643002921448
MLLT1_S475,-0.111933609853
MLLT3_S483,-0.515141675406
MOCS2_S20,0.0645242283501
MORC2_S615,-0.188138451383
MPDZ_S230,0.196275857418
MPHOSPH10_S242,-0.0492843281786
MPHOSPH8_S189,0.0147351092166
MPHOSPH8_S403,-0.0288520975551
MPHOSPH8_T89,0.333133038342
MPHOSPH9_T1143,-0.0527666803651
MPP6_S106,0.259327487289
MPRIP_S269,-0.661395530299
MPRIP_S619,-0.600654110235
MPRIP_S993,-0.0576047403135
MPZL1_S221,-0.056696263029
MREG_S213,-0.62478353032
MRPS22_T154,0.128754880857
MSANTD2_S436,-0.853121632006
MSANTD2_S443,-0.353640003013
MSH6_S137,-0.1366796114
MSH6_S14,-0.163113578743
MSL1_S362,-0.247014380453
MSL1_T386,-0.25680301515
MSL2_S211,-0.0852755740352
MSN_Y205,0.627582798438
MTA1_S576,0.0506831535433
MTA3_S519,0.248654216672
MTCL1_S1106,0.204428757352
MTCL1_S1514,0.671944256335
MTCL1_S1812_S1814,0.177332675294
MTCL1_S263,0.0668838301808
MTDH_S308,-0.800776835102
MTDH_S426,-0.291504215856
MTFR1L_S238,-0.325634509882
MTHFD1_T216,0.369358041714
MTMR10_S607,-0.0625816724437
MTMR3_S613,-0.418444161399
MTMR3_Y614,-0.24297543279
MTMR6_S561,0.119371104312
MTOR_S1050_T1051,-1.05015123394
MTSS1L_S456,1.78597171737
MTUS1_Y1135,0.177868734614
MUC1_Y1209,-0.243442202217
MVB12A_S170,0.681202113005
MVB12A_S202,0.235350859208
MVP_S873,-0.368459546444
MYBBP1A_S1163,-0.168710650189
MYBBP1A_S1241,-0.463878436109
MYBBP1A_S1267,-0.272027051265
MYBBP1A_S775,-0.0400037540995
MYBBP1A_S792,0.45033869329
MYBBP1A_T1269,-0.16470401841
MYBL2_T505,-0.452699703859
MYCBP2_S2882,-0.175037366975
MYH10_S1952_S1956,1.07957081623
MYH14_Y275,0.169303969277
MYH9_S1943,0.997613352932
MYLPF_S75_T81,0.143535360659
MYO18A_S1070,-0.250552351688
MYO18A_S1942,0.953730049239
MYO18A_S1951,0.629560775462
MYO1H_S992,-0.258606768312
MYO9B_S1290,0.371730008646
MYO9B_S1405,0.912265044668
MYOC_Y301_S313,-1.28871907009
MYOF_S1498_T1500_Y1504,0.221158814064
MYOF_S1915,0.0234322071505
MYOF_S731,0.0742698868456
N4BP1_T242,-0.140263706644
NAA30_S39,-0.322141540891
NAB2_S147,0.349435732058
NAP1L1_S182,0.597496393985
NAP1L1_T62,0.625923747605
NASP_S503,0.0907492457911
NASP_S726,-0.125065121183
NBEAL2_T764,1.24552432877
NBN_S432,0.0204323336298
NCAPG_S674,-0.416918669392
NCBP1_S22,-0.24362491716
NCK1_S166,0.551682817179
NCKIPSD_T180,0.0486146393093
NCL_S619,0.128550807927
NCL_S67,-0.174915999432
NCL_T76,-0.987084949262
NCOR1_S2315,-0.299760834914
NCOR1_S990_T991,-0.350346478519
NCOR2_S1017,0.363528991539
NCOR2_S1025,-0.0219574700254
NCOR2_S1349,-0.00722086590365
NCOR2_S2269,0.217030407105
NCOR2_S956,0.23203402742
NCOR2_T2273,0.405821204518
NCOR2_T2468,0.154067457408
NDRG1_S330,0.601321359785
NECTIN1_S422,-0.0797808416424
NECTIN1_S508,-0.364387825102
NECTIN1_Y418,-0.270804791961
NEDD4L_S448,0.775572896114
NEDD4_Y751,0.614958796523
NELFB_S557,-0.26918248271
NEMF_S763,1.57961863834
NEMF_S831,0.220910713912
NES_S1016,2.1155631117
NES_S1445,0.83567383929
NES_S1452,0.935327930953
NES_S1521,1.73254149126
NES_S352_T354,0.756108899024
NES_S471,2.52453674843
NES_S548,3.6269893122
NES_S680,2.50179202244
NES_S768,2.61764374603
NES_S842,1.59098859301
NES_S905,1.41554886015
NES_S934,2.00198432916
NES_T338,1.55711434854
NES_T776,1.09784089733
NES_T851,2.01981281673
NF1_S2515,-0.139504886994
NF1_S2543,0.45729750781
NF1_S2597,-0.528619837533
NF2_S518,-0.0996329393378
NFAT5_S561,-0.141920611043
NFATC2IP_S204,-0.331407081592
NFATC2IP_S234,-0.725184070608
NFATC2IP_S337,0.219625401305
NFIC_S322,-0.15115802525
NFIC_S323,-0.172301842999
NFRKB_S1291,-0.338328536513
NFRKB_S351,-0.0135225589574
NGDN_S142_S143,-0.187303135361
NIFK_T223,-0.225528865708
NIFK_T227,-0.415895851235
NIPBL_S2658,-0.373234543531
NIPBL_S306,-0.19249214081
NIPBL_Y2216,0.553741505493
NKAP_S149,-0.21083774495
NKTR_S379,0.472525237062
NKTR_S463,0.331138402541
NMT2_S38,0.213078533877
NOB1_S184,0.301326399685
NOB1_S201,-0.211317114998
NOC2L_S49,-0.5575476242
NOC2L_S672_S673,-0.578853504473
NOL9_S487,0.124118851757
NOLC1_S397,-1.08835879167
NOLC1_S698,0.120516700329
NONO_T450,-0.38321997927
NOP14_S146_S148,0.0246626853037
NOP14_T155_S157,-0.069694977979
NOP2_S67,-0.651737842181
NOP2_S732,-0.52781511885
NOP56_S519_S520,-0.589136050142
NOP56_S520,-0.392215797298
NOP56_S569_S570,-0.430437920123
NOP56_S570,-0.540575159211
NOP58_S502,-0.212427235247
NOP58_S502_S514,-0.833709172483
NOS1AP_S371_S374,-0.102141094021
NOTCH1_S1723,-0.672970531516
NPM1_S125,-0.383507719884
NPM1_S70,-0.569443252743
NPM1_S88,0.431682913714
NPM1_Y67,-0.529767283308
NPM3_S143_S147,-0.467156480396
NPM3_T141_S147_S151,0.303513303191
NR3C1_S201,0.520665440022
NSFL1C_S114,-0.00605318289158
NSFL1C_S140,-0.296105813927
NSRP1_S27,-0.218726877888
NSRP1_S33,-0.0703773303396
NUAK2_S435,-0.00963241929813
NUAK2_T520,0.229984986199
NUCKS1_S181,-0.276172191926
NUCKS1_S19,-0.0919230655411
NUCKS1_S214,-0.35284300728
NUCKS1_S54_S58,-0.337685865174
NUCKS1_S75,0.272177544834
NUCKS1_T179,-0.306044691015
NUFIP2_S572,-0.385038562598
NUFIP2_S629,-0.141670699704
NUFIP2_S652,0.307727270483
NUFIP2_T631,-0.0286207264499
NUMA1_S169,-0.153074730679
NUMA1_T2000,-0.435822486817
NUMBL_S263,0.821683118596
NUMB_S238,0.1564739933
NUMB_S438,-0.447743742249
NUP153_S209,-1.12708448493
NUP153_S431,0.236129004642
NUP153_S516,-0.816321594001
NUP153_S614,-0.322741336908
NUP153_S614_S619,-1.07636716215
NUP160_S1157,0.104113991223
NUP188_S1523,-0.295800315169
NUP188_S1709,0.115084430367
NUP205_S1167,-0.374282567949
NUP210_S1874,-0.384103069366
NUP210_T1844,-1.02976055972
NUP214_S678,-0.10295908165
NUP214_T434,-0.125778170327
NUP35_S261_T265,-0.130247444447
NUP50_S221,-1.08631606903
NUP50_S315,-1.13903779839
NUP62_S408,0.116813503005
NUP88_S35,-0.203908800135
NUP98_S612,-0.527149657575
NUP98_T546,-0.0212839324034
OCIAD1_S123,-0.476545870764
OGFR_S484,-0.103750315103
OIP5_S48,-0.227686014968
OR1E3_T192,0.276648526287
OR1F2P_S18,-0.111680513358
OR2T7_Y269_T270_T273,0.67789163166
ORC2_T226,-0.249885185559
OSBPL11_S181,-0.251807200353
OSBPL3_S303,0.644320304887
OSBP_S190_S193,0.699286483102
OSBP_S351,0.51507579176
OSMR_S492_T493,0.444603504356
OSMR_S826,-0.683265673787
OTUD4_S546,-0.218865147819
OTUD5_S64,-0.341495929066
P3H2_S213,0.536479375749
PABPN1_S150,-0.195794968755
PAGE1_S105,0.34127406094
PAICS_S27,-0.596225746618
PAK4_S181,0.958815597011
PAK4_S474,0.508565853491
PALLD_S1167,0.122777007306
PALLD_S71,1.00046242105
PALLD_S893,-0.57805911301
PALLD_S984,0.0423497513385
PAPOLA_S537,-0.126335702674
PAPSS2_T425,0.186152439531
PARD3_S144,-0.0358379022993
PARD3_S221,0.389411658162
PARD6B_S11,-0.00610982460033
PARG_S133,-0.321222893878
PARN_S619,-0.0349870445446
PARP10_S431,0.120473878444
PARP2_S34,-1.02146695166
PARP4_T101,0.0234558572954
PARVA_S14_S19,0.770588821067
PAWR_S259,-0.00684705455299
PBRM1_S353_S355,-0.237073253712
PBRM1_S371_S375,0.0319397874422
PBXIP1_S43,-0.0262424476203
PCBP1_S173,-0.0271439078299
PCBP1_S190,0.0896891224152
PCBP1_S231,0.137320295121
PCBP1_S246,0.191147083183
PCBP1_S264,0.60367228515
PCBP1_T169,0.144884120657
PCBP2_S154,-0.471780773668
PCBP2_S173,-0.236104991477
PCBP2_S188,0.0144166169658
PCBP2_S272,0.24347414841
PCBP2_T169,-0.125823822499
PCDH1_S973_S984,0.0544870215231
PCDH7_S1011,1.08625440013
PCGF2_Y101,-0.241631607986
PCNX3_S1955,-0.477698252151
PCYT1A_S315,0.518349410287
PDHA1_S293,0.485743082065
PDHA1_S295,0.226565626629
PDIA4_S379,0.0707975089169
PDIA6_S428,1.1359449616
PDLIM1_S90,2.66358997364
PDLIM5_S111,-0.316773101115
PDPK1_S241,0.0422600627056
PDS5B_S1166,-0.218235547956
PDS5B_S1182,-0.0530129992813
PEA15_S116,0.915168491401
PEAK1_S1217,0.0538573796699
PELP1_S481,-0.543497699893
PFKP_S386,0.496614706057
PGK1_S175,0.482063676043
PGK1_S203,0.129691657922
PGM1_S117,0.729619615925
PGM2L1_S175,0.0754097126032
PGM2_S165,0.11535740304
PGM3_S64,0.701731998811
PGRMC2_S208_T211,0.398849761594
PGRMC2_T211,0.717975339335
PHACTR4_S177,0.219747690956
PHACTR4_S278,0.269049845088
PHACTR4_S464,-0.084218230091
PHAX_T132,0.157793389863
PHB2_Y121,-0.315996912012
PHC3_T609,0.00714712038728
PHF10_S297_S301,-0.523978535219
PHF14_S208,-0.390632263999
PHF2_T541,-0.0225902573448
PHF3_S1133,-0.196405994804
PHF3_S1178,-0.217808655633
PHKB_S704,0.129210258615
PHKB_T702,0.104727051908
PHLDB1_S501,0.0994306902847
PHLDB1_T998_S1004,0.524504874649
PHLDB2_S204,1.23089792302
PHLDB2_S334,0.916175104907
PHLDB2_S415,0.553004676696
PHLDB2_S489,0.571667463351
PHLDB2_S513,0.410527789284
PHLDB2_S937,0.49118967053
PHLDB2_S980,0.575173258889
PHLDB2_T550,0.427973149925
PHLDB2_T574,0.857456977133
PHLDB2_Y359,0.657428487497
PHRF1_S1229,-0.149549254896
PHRF1_S450_S455,-0.164113356684
PI4KB_S277,-0.252904899617
PI4KB_S428,-0.00449014613494
PIAS1_S503,0.178894174696
PIEZO1_S1646,0.156185579573
PIWIL3_T390_T405,0.1464860829
PKD1L2_T1002,0.525129051463
PKDREJ_S627,0.0589647644996
PKM_S287,0.447376004047
PKM_Y390,0.681707664164
PKN2_S302,0.779344328993
PKN2_T958,0.186958601186
PKP2_S102,0.603624241476
PKP2_S82,1.67423447884
PKP3_S313,0.623646001923
PKP4_S281,0.24976802342
PKP4_S336,1.00157895047
PLCB3_T399,-0.676653665861
PLCB4_T886,0.00306150493742
PLD6_T212_Y214_T215,-0.252368172725
PLEC_S125,-0.0258229775431
PLEC_S1435,-0.117338809375
PLEC_S1721,0.418079753633
PLEC_S4382,0.605728926437
PLEC_S4386,1.00831678551
PLEC_S4613,0.435985033985
PLEC_S4642,0.377098677081
PLEC_S4656_S4657,0.360220912783
PLEC_T4402,0.391124905909
PLEKHA4_S575,-0.296617103277
PLEKHA6_S867,0.444836832687
PLEKHA6_T1020_S1021,0.206924363383
PLEKHA6_T775,0.10375827071
PLEKHA6_T920,-0.110413275204
PLEKHA7_T538,0.462366264908
PLEKHF1_T86,0.319062328315
PLEKHG4_S67,-0.226717176818
PLEKHM1_S937,0.600198797691
PLEKHO2_T311,0.573402683747
PLLP_S13,0.107601363948
PLXNA1_Y122,-0.202485174378
PML_S504_S505,-0.606254648298
PML_S505,-0.36753335911
PML_S518_S527,0.183602077168
PML_S518_S527_S530,-0.31226839346
PML_S527,-0.303587487853
PNISR_S211,-0.12688048611
PNN_S100,-0.278499284089
PNN_S443,-0.23526108684
PODXL_S519,-0.176382582654
PODXL_S520,-0.224734091466
PODXL_S529,-0.302864570551
PODXL_T512,-0.30507013147
POLDIP2_T292,0.191077340103
POLL_S365,-0.382251865289
POLR2A_S1878,-0.209460271587
POLR3A_T303_Y320,0.732612974208
POTEE_T875,0.122709875867
POTEI_S932,0.204027958436
PPAN_S238,0.366758643443
PPAN_S238_S240,0.0891602819239
PPAN_S240,0.785673184437
PPFIA1_S1172,0.317133888235
PPFIBP1_S37,0.337194279701
PPFIBP1_S37_S40,0.302149923309
PPHLN1_S133,-0.0938898738956
PPHLN1_S205,-0.109164351572
PPHLN1_T204_S205,0.143910800833
PPIB_S139,0.515896907605
PPIG_S717,0.157492858815
PPIL4_S178,0.163404359429
PPIP5K2_S1108,0.405043344055
PPL_S1657,0.414445952032
PPM1H_S124,0.0147372923677
PPME1_S243,0.313721973357
PPME1_S42,0.00949272418254
PPP1CC_T311,-0.107498226779
PPP1R10_S313,-0.373143364142
PPP1R10_S587,0.129714953994
PPP1R10_T315,-0.113321292093
PPP1R12A_S299,0.705943535379
PPP1R12A_S402_T406,0.238392591489
PPP1R12A_S445,0.755260000208
PPP1R12A_S871,0.521940512159
PPP1R18_S195,0.165171928874
PPP1R35_S52,-0.151075952893
PPP1R9A_S199,0.0831320385578
PPP1R9B_T191,0.339641143947
PPP2CB_T30,-0.12975123478
PPP2R3A_T828,-0.119462166251
PPP2R5C_S497,1.69904158986
PPP4R3A_S127,-0.455171541362
PPP6R1_S530,0.083907391733
PQLC3_T122,-0.120563270342
PRCC_S157_S159,-0.373606230025
PRCC_S212,-0.420662332376
PRDM2_S912_S914,0.0111469163334
PRDX3_S237,0.716388487894
PRDX4_T255,0.103088255955
PRKAA2_Y341,-0.0908298823494
PRKAB1_S108,0.514657315565
PRKAB1_S94,-0.86717649678
PRKAB2_S108,-0.350750262749
PRKAB2_S184,0.200919636009
PRKAB2_S39,0.378271875623
PRKACA_S339,0.029447695149
PRKAR1A_S83,0.0718494122253
PRKCA_S226,0.509275867563
PRKCA_T638,-0.0381504884195
PRKCD_T507,-0.423635300732
PRKCI_T564,-0.0426399387323
PRKCQ_S676,0.0331763130116
PRKCZ_T588,0.718389833294
PRKDC_S2612,-0.47809408499
PRKDC_S3021,-1.480931166
PRKDC_Y3859,-0.00846086223075
PROM2_T816,0.086637327592
PROSER2_S179,-0.476725327777
PROSER2_S212,-0.431062063434
PROSER2_S312,-0.119251745963
PROSER2_S43,-0.250777013558
PROSER2_T146,-0.548591366557
PRPF3_S619,-0.729535063939
PRPF40B_S832,-0.0633794289126
PRPF4B_S142_S144,0.0808218290997
PRPF4B_S277,-0.20871231497
PRPF4B_Y849,-0.0473681736964
PRPSAP1_S215,-0.0808466560487
PRPSAP2_S227,-0.186745941928
PRR12_S1104,0.122609990328
PRRC2A_S1147,-0.234726009789
PRRC2A_S1219,-0.652536831952
PRRC2A_S380,-0.164768805334
PRRC2A_S823,-1.03121136534
PRRC2A_T825,-0.297809896687
PRRC2B_S388,0.94667301065
PRRC2B_S907,0.429559323115
PRRC2C_S2013,-0.922030394277
PRRC2C_S2105,-0.371066790176
PRRC2C_T1965,0.19728575669
PRRC2C_T2673,-0.216812457351
PRRC2C_T822,-0.107948645107
PSIP1_S177,-0.0643683608167
PSIP1_T324,0.0861823785102
PSMA5_S56,0.0834077806374
PSMB8_Y249,-0.512860671921
PSMD14_T266,-0.317384816568
PSMD1_T311_S315,0.000955436839609
PSMD2_S16,-0.45904522392
PSMF1_S252,-0.265919751897
PSPC1_Y383,-0.548546038825
PTBP1_S500,-0.0519960111354
PTBP3_S521,-0.116611830955
PTGES3_S113,0.0997080857705
PTGES3_S64,-0.17806415129
PTK2B_S375,-0.206977866906
PTK2_S722,0.100502556054
PTPN12_S323,-0.240696984348
PTPN12_S606,-0.153379620858
PTPN12_T578,0.170650265094
PTPN21_S590,0.323951316329
PTPN21_S637,0.444831684057
PTPN23_S1123,0.0729293534906
PTPN23_S1133,0.550959099318
PTPRJ_S1009,-1.43824653294
PTPRK_S856,0.248855318917
PUM1_S209,0.304265666931
PUM1_S214_Y224,0.22666623108
PUM1_Y224,0.0564490803113
PURB_S101,-0.247147269329
PUS10_Y41,0.336902348776
PXN_S244,0.154082818253
PXN_S321,0.374211836577
PXN_S322,0.350239990584
PXN_S85,0.161780367935
RAB11FIP1_S234,0.334172130391
RAB11FIP1_S357,0.417110822508
RAB11FIP1_S434,0.461237817571
RAB11FIP1_S967,0.261386713607
RAB11FIP5_S188,0.181283731009
RAB11FIP5_S357,0.316262479313
RAB1C_S111,-0.0868582972785
RAB8B_S182,0.633477617046
RABL6_S640_S641,0.0552386308987
RACGAP1_T580,-0.276245941118
RAD9A_S272_S277,-1.19878027802
RAD9A_S380_S387,0.0259385364103
RAF1_T258,0.377636417983
RAI14_S281,-0.11487962163
RAI14_S327_S329_T330,-0.0495004556071
RAI14_S335_S340,-0.298609849409
RAI14_S340_S341,-1.22311885249
RAI14_S341,0.390568784309
RAI14_S358,-0.598929425706
RAI14_S412,-0.305064710057
RAI14_T297,-0.617967245663
RAI1_S873,-0.186375507554
RALGPS2_S329,-0.0694708237345
RALGPS2_S343,0.42344881022
RALY_S135,-0.0578455542848
RANBP17_S68,-0.309830846944
RANBP2_S2741_T2743,0.146452907769
RANBP2_S2805,-0.748533023157
RANBP2_S2900,0.159632849992
RANBP2_T2613,-0.335063247013
RANBP2_T2743,0.496707806789
RANBP2_T3175,0.0932573685238
RANBP3_S211,0.457782825147
RANBP3_S333,-0.69921894501
RANGAP1_S442,-0.228340260933
RAPGEF2_S709,0.322958588574
RAPGEF3_T380,-0.703356461469
RAPH1_S1154,0.22121890656
RASA3_S207,0.616221498486
RASAL2_S89,0.326061925127
RB1_S608_S612,-0.0360414044724
RB1_S807_S811,-0.494326208857
RB1_T373,-0.225909382024
RB1_T823_T826,-0.488314135035
RB1_T826,-0.38693882399
RBBP6_S1277,-0.133933502547
RBBP6_S1328,-0.0755078901078
RBBP6_S979,-0.262654765386
RBBP7_S99,-0.123588801869
RBM10_S723,-0.0997506000186
RBM10_S89,-0.181866972347
RBM12B_S278_S280,-0.166720033929
RBM12_S422_S424,-0.129920769754
RBM12_T401,-0.073914138288
RBM14_T206,-0.672565798459
RBM14_T572,-0.483156930981
RBM15_S128,-0.226121179678
RBM15_S259_S269,-0.171710946983
RBM15_S294,-0.287364697966
RBM15_S700,-0.292888058899
RBM15_S97,-0.611467890688
RBM15_T568,-0.292918105619
RBM17_S222,-0.131931680807
RBM17_S227,-0.0869985859377
RBM17_S229,-0.204594824577
RBM25_S677,-0.421451779098
RBM33_S41,0.30027021158
RBM33_S765,-0.222229352954
RBM39_S136,-0.290348937093
RBM39_S97,-0.218973218775
RBM4_S86,-0.243708772624
RBM6_S891,-0.507631808568
RBM6_Y914_T923,-0.614684840781
RBMS1_S49,0.183820943329
RBMS2_S106,-0.651564648792
RBMX_S88,-0.075334553975
RCC1_S11,0.00207007593477
RCOR1_S344,0.363871133046
RCOR1_S457,-0.183776658213
REEP6_T178,0.414538427841
REPS1_S482,0.498647407649
REPS1_S537,0.425296249192
REPS1_S709,0.160593806539
REXO4_S15,-0.191819684282
RFX7_T1302,0.709209895947
RHCE_T203_S230,-0.580591340623
RIF1_S1616,-0.0368141638522
RIF1_S2172_S2176,-0.352965524816
RIF1_S7,-0.548218783321
RMDN3_S212,-0.523655115153
RMDN3_S46,-0.435626329867
RNF213_S2273,0.0934681644098
RNPC3_S108,0.0273520063335
RNPS1_S155_S157,-0.294631316925
ROBO3_T370,-0.340240991376
RPL10A_T139,-0.068997655511
RPL10L_Y57,0.392673067108
RPL17_S111,-0.723451143354
RPL17_S142,0.201259934143
RPL17_S5,-0.0291771618039
RPL18A_S71,-0.348533360358
RPL5_Y207,-0.0116273151112
RPL5_Y240,-0.118782065021
RPLP0_S304_S307,0.0750830518585
RPLP2_S79,-0.462313297701
RPP30_S251,-0.734690355756
RPP38_S235,-1.22626162934
RPRD1B_S134,0.112925241648
RPRD1B_Y161,0.0204205590268
RPRD2_S593,-0.63486832841
RPRD2_S769,-0.64323269428
RPRD2_T734,-0.620748647074
RPS12_Y61,-0.208608213707
RPS15_Y115,0.0488129034635
RPS20_S93,0.124718167116
RPS21_S31,-0.188340317196
RPS24_Y48_T51,-0.308768229877
RPS3_S160,-0.135843885052
RPS3_T221,-0.0727637202828
RPS6KA1_S363,0.166449253569
RPS6KA1_S380,-0.277402929751
RPS6KC1_S282,0.232912466477
RPS6KC1_S423_S427,0.279383360293
RPS7_S34,-0.0439085700192
RPS8_T130,0.722604399229
RPTOR_S877,0.0777061391876
RPUSD2_S68,-0.551982192331
RRAGC_S95,0.537261613826
RRAS2_S186,-0.0510481876429
RRAS_S201,0.35798048889
RRBP1_S876,0.364461982344
RRBP1_S920,0.301524779508
RRBP1_T275,-0.674695104536
RREB1_S1122,-0.608189939748
RRM1_T189,-0.177243672947
RRM2_S20,0.346315426241
RRN3_S44,0.511593216898
RRP1B_S339,0.306943717762
RRP1B_S344,-0.0727042650382
RRP1B_S350,-0.120540981222
RRP1B_S513,-0.359789941046
RRP1B_S732,-0.374767287441
RRP36_S73,-0.541107254632
RRP8_S171,-0.455919983302
RRP8_S176,-0.289472630163
RSF1_S1359_S1375,0.0590751291697
RSF1_S604,0.290281419136
RSF1_S622,-0.168254820379
RSL1D1_S361,-0.263780690288
RSL1D1_S392_S396,-1.03653304395
RSL1D1_S427,-0.41917705978
RTN4_S181_S182,-0.389847142521
RTN4_S182_T188,0.289279708338
RTN4_S184_T188,-0.0137165228507
RUNX1_S212,0.0640072445549
RYR2_S4007,-0.49017822043
S100A10_T11,-0.101391058382
S1PR1_S351,0.888854729429
SAMD4A_S254_S272,0.0905742236569
SAMD4A_S580,-0.18805334958
SAMD8_Y149,-0.552527495156
SAMHD1_S18_S27_S33,-0.303208445517
SAMHD1_T592,-0.691313862351
SAP30BP_S18_S22,-0.0456027722957
SARG_S185,-0.131908708892
SARG_T456,0.439146247538
SART1_S448,-0.00873966595253
SBF1_S1077,-0.236430868527
SCAF11_S608,-0.179669457952
SCAF11_S796_S798,-0.344091629873
SCAF11_T799,-0.0304998619335
SCAF1_S239,0.00698073520586
SCAF1_S874,-0.217729423281
SCARF1_S714,-1.67555184003
SCML2_S499_S511,-0.068884283718
SCML2_S590,-0.305842279286
SCRIB_S1300_S1306,1.01833519872
SCRIB_S1309,0.289769570832
SCRIB_S853,0.639337310318
SCYL3_S707,-0.132439807029
SDAD1_S585,-0.150858943078
SDC2_S188,0.264883721188
SDPR_S25,0.698773926555
SDPR_T375,0.244195645353
SEC16A_S136,-0.354851675156
SEC16A_S1786,-0.208661160396
SEC16A_S414_T415_S417,0.0931036866452
SEC16A_S891,-0.181773964017
SEC16A_T1262_S1263,0.682367872093
SEC16A_Y1243_Y1245,-0.0221406914615
SEC16B_S589_S590,-0.297223767122
SEC16B_Y1030_T1042,0.0162232600359
SEC23IP_S926,-0.224106330198
SEC31A_S1163,-0.291729133117
SEC31A_S799,0.167196443838
SEMA6A_T753,-0.523115387883
SEMA6B_S704,0.147157834639
SEMA6D_Y184_T187,-0.0162692615425
SENP3_S238,-0.461722836086
SEPT2_S218,0.274992856773
SEPT5_S225,0.152393858872
SEPT9_T142,0.139847743924
SERBP1_S234,-0.655494013835
SERBP1_S25,-0.445169777261
SERPINA1_S132,-0.196805576552
SERPIND1_T147,0.849292331547
SETD4_S368,0.789144806233
SETSIP_T37,0.243158594687
SET_S7,-0.0022672358803
SF1_S80_S82,-0.253290780306
SF3A1_S451,-0.233641698087
SF3A3_T298_S299,-0.166224738078
SF3B1_S129,-0.717598764532
SF3B1_T211,-0.624887510936
SF3B1_T223,-0.165508507422
SF3B1_T223_T227,-0.215325387982
SF3B1_T244,-0.502044415172
SF3B1_T261,-0.203955123176
SF3B1_T350,-0.400307670259
SF3B2_S362,0.186499111449
SF3B2_S778,-1.30128771125
SF3B2_T780,-0.321729409257
SFN_T207,0.318088866833
SFPQ_S225,-0.661655148718
SFPQ_Y624,-0.341083246692
SGK223_T147,0.38252296219
SGPL1_S564,-0.351931741458
SH2D3A_S147,0.393420614524
SH3BP4_S246,0.676922276664
SH3PXD2B_S293,-0.525053653944
SH3RF1_S258,-0.12437152963
SHB_S388,0.113859387011
SHCBP1_T639,0.106769495634
SHROOM2_S974,-1.18410582421
SHROOM3_S1441,0.328281201791
SHROOM3_S439_S443,-0.254946543929
SHROOM3_S443,-0.229140666883
SHROOM3_S910,-0.251093439804
SHTN1_S494,0.390161783592
SIN3A_S277,0.307927569591
SIN3A_S860,-0.115528106384
SIPA1L1_S161,-0.37754810875
SIPA1L2_S1461,-1.12857534368
SIPA1L3_T205_S207,-0.764057109947
SIRT6_S330,-0.296946143071
SKA3_S110,0.311040097426
SKA3_S155,0.0568888546076
SKIV2L_S256,-0.0206474941839
SKP2_S64,0.414968126935
SLBP_T171,-0.175392817911
SLC12A2_S265,0.565239857525
SLC12A2_T947,-0.507117163369
SLC12A2_Y1142_T1144,0.28256482866
SLC17A6_S285,0.1538016471
SLC20A1_S277,-0.848151083424
SLC20A1_S335,-0.616254154273
SLC26A2_S359,-0.253171402082
SLC30A5_S106,0.370923624925
SLC35B2_S427,-0.16608499312
SLC35C2_S335,-0.104278049766
SLC38A1_S52,0.686971096217
SLC43A2_S321,-0.202848153121
SLC44A2_T14,-0.960926132846
SLC4A1AP_S82,-0.214607867756
SLC4A2_S144,-0.190864269476
SLC9A1_S703,0.0633338645519
SLC9A1_S796,0.490555795206
SLC9A7_S210,-1.24913174123
SLCO4A1_S43,-0.392199784775
SLCO4C1_S15,0.158547177094
SLF2_S68,-0.431290160968
SLITRK4_S741,-0.942777987091
SLK_S354,0.3616549006
SLTM_S551,-0.20964201936
SLTM_S551_S553,-0.0719424912707
SLTM_S553,-0.0303888814352
SLTM_T74,-0.677310567639
SLX4_S1469,-0.340860343494
SLX4_S887,-0.193256015961
SMAD5_S463_S465,-0.341665295905
SMARCA5_S66,-0.396898232166
SMARCAD1_S96,-0.036811915902
SMARCC1_S328_S330,-0.153322317345
SMARCC2_S302_S304,0.103758774164
SMARCC2_T322,-0.51428217018
SMARCD1_S9,0.259446912959
SMG7_S781,-0.321493968308
SMPD4_S130,-0.339073215052
SMTN_S357,0.150268379655
SNAP23_S110,0.629446624959
SNAPC1_T357,-0.47164111156
SNAPIN_S133,0.229469576963
SND1_Y661,-0.312931176302
SNIP1_S35,-0.346475684828
SNRNP70_S226,0.514861420209
SNTB1_S219,0.236023473486
SNTB2_S222,-0.315034619188
SNTB2_S233,-0.281453793303
SNTB2_S95,-0.0852138495448
SNW1_S224,-0.131952294833
SNW1_S224_S232,-0.227818154271
SNX15_S194,0.24617370387
SNX29_S372,0.487361909396
SNX2_S354,-0.69912765525
SNX3_S72,-0.300520076338
SON_S1697,-0.113917093742
SON_S1769,-0.401431184534
SON_Y2139,-0.206593024182
SORBS1_S350,-1.08544762658
SORBS3_S530,0.567678410614
SOWAHC_S213,0.350522036468
SP100_S157,0.288741488928
SP100_S18,-0.442005153239
SP100_S451,-0.24667676707
SP110_S244,-0.413915771982
SP110_S380,-0.532030131849
SPAG5_T744,0.366209561176
SPAG9_S733,0.291004311775
SPAG9_T217,0.577187088351
SPATA1_T422,-0.559483604503
SPATS2L_T498,-0.444820358266
SPCS1_S84,0.570498212938
SPCS2_Y208,-0.220210000228
SPECC1L_S384_S385,-0.307194525303
SPECC1_S134,0.551279550419
SPECC1_S810,0.310908725108
SPECC1_S914,0.0631025861922
SPP1_S224_S234,0.325221631393
SPP1_S291,0.766883122459
SPP1_S62,-0.606764529005
SPP1_S62_S63,0.428941433251
SPP1_S63,-0.425157501933
SPRY4_S125,-0.124906189856
SPTAN1_S1031,0.528661573578
SPTAN1_S1217,-0.320374412839
SPTAN1_S1323,-0.606713090031
SPTAN1_S1413,0.0823100696114
SPTAN1_T196,-0.124025036429
SPTAN1_Y539,-0.147989682194
SPTBN1_S2314_S2316,0.467134397332
SPTBN1_S2316,0.193230602849
SPTBN1_S2319_T2320,0.0804882999478
SPTBN1_S2338,-0.0061263577
SPTBN1_T1217,0.0671732017448
SQSTM1_S207,-0.326559814193
SQSTM1_S249,-0.384812246765
SQSTM1_S272,-0.383957944587
SQSTM1_S28,-0.404270445479
SQSTM1_S284,-0.31267303658
SQSTM1_S328_S332,-0.723665713498
SQSTM1_S332,-0.371686450193
SQSTM1_S366,-0.73298610693
SQSTM1_T269,-0.417074627215
SRCAP_S2782,-0.0543995922824
SRFBP1_S203,-0.715280409519
SRF_S221,0.173864199283
SRF_S224,0.0757030723128
SRGAP1_S940,-0.413559314404
SRGAP2_S928,0.344044826597
SRP72_S621_S625,-0.23755746512
SRP72_S621_T624,-0.197098493749
SRPK1_S311,-0.592206916701
SRRM1_S402,0.227886230302
SRRM1_S402_T406,-0.256692094668
SRRM1_S450_S452,-0.631030582472
SRRM1_S597,-0.215465338829
SRRM1_S605,0.44522451488
SRRM1_S605_S607,-0.0575009061445
SRRM1_S616,-0.301027863305
SRRM1_S626_S628,-0.46052978887
SRRM1_S636_S638,-0.259895202991
SRRM1_S696,-0.263680327441
SRRM1_S725_T727,-0.491687002787
SRRM1_S756,0.237716556334
SRRM1_S769,0.06893178551
SRRM1_S769_S773,-0.0798191665877
SRRM1_S769_S781,-0.282512926452
SRRM1_S769_T778_S781,-0.297190028025
SRRM1_S775_S777,-0.300234976779
SRRM1_S777_T778,-0.0508181174864
SRRM1_T220,-0.279509435642
SRRM1_T614_S616,-0.36756316753
SRRM1_T854_T855_T856,-0.244069600034
SRRM2_S1014,-0.12280039052
SRRM2_S1083,-0.0350802878595
SRRM2_S1124,-0.155410415523
SRRM2_S1188,0.20653283252
SRRM2_S1320,0.209329077887
SRRM2_S1320_S1329,-0.0551107314389
SRRM2_S1329,0.0358932785744
SRRM2_S1404,0.266441809094
SRRM2_S1463,1.14190337978
SRRM2_S1857,0.628160257377
SRRM2_S2102_T2104,0.0234780746208
SRRM2_S2121_S2123,-0.136631421304
SRRM2_S2132,-0.0336387701497
SRRM2_S2382,-0.308567805808
SRRM2_S2449,0.0138646495461
SRRM2_S2581,0.219580683375
SRRM2_S295_S297,0.136628315158
SRRM2_S323,0.330475528141
SRRM2_S333,0.179607705558
SRRM2_S377_T400,0.319244272916
SRRM2_S778,0.218433285893
SRRM2_S864,-0.116280907637
SRRM2_S876,-0.0248124600679
SRRM2_S994,0.169403611085
SRRM2_T1003,0.475753617388
SRRM2_T1043,0.0884563862022
SRRM2_T2289,0.146373415809
SRRM2_T318_S322,-0.0703924579646
SRRT_S74,-0.352425617784
SRRT_T544,-0.282748903189
SRSF11_S449,-0.393255217411
SRSF1_S199,0.455054242463
SRSF2_S189_S191,-0.00970957574065
SRSF5_T135,0.0419517955226
SRSF6_S303,-0.298433575259
SRSF9_S211,-0.24930644309
SRSF9_S211_S216,-0.370539013604
SSB_S366,-0.10633844945
SSFA2_S466,0.40836645621
SSFA2_S739,-0.0395670569317
SSFA2_S92,0.102867716727
SSR1_S254,-0.199246297244
SSR1_S268,-0.258898320243
STARD13_S133,0.645840464021
STAT3_S727,-0.67839271457
STAU1_S278,-0.687237912774
STIM1_S575,0.105013022113
STK10_T500,-0.205511150581
STK11IP_S415,0.0993726477774
STK11IP_S610,-0.00491272734697
STK39_T354,0.166505409187
STRIP1_T556,-0.297069829876
STRIP2_S321,0.205135199811
STRN3_S229,0.111017663776
STRN4_S276,0.164244389996
STRN4_S53,-0.236107282693
STT3B_S639_S640_T643_Y646,-0.391464320113
STUB1_S19,-0.274886257517
STUB1_S19_S23,-0.303910541753
SUGP1_S485,0.0172742168771
SUN2_S12,0.209872830875
SUN2_S38,-1.22875044345
SUPT6H_T1532,-0.390874703101
SUSD2_Y257,0.0199963506477
SUZ12_S583,-0.0827436806612
SV2A_S393,0.52163127309
SVIL_S221,-0.0422180777987
SVIL_S467,-0.49127823263
SYAP1_S269,-0.107708368297
SYAP1_T248,0.121455711597
SYMPK_S1243,-0.203787601181
SYNCRIP_S154_S159_T162,-0.207899358383
SYNE1_T8360,0.402552214172
SYNE2_T6297,-0.355244983236
SYNPO_S263,0.153779738529
SYNPO_S501,-0.282866115732
SYNPO_S525,0.21141142151
SYNPO_S685,-0.436525656103
SYNPO_S685_S702,-0.90046613916
SYNPO_S754,-0.136999832387
SYNPO_S833,-0.292828183809
SYNPO_S854,-0.179179097177
SZRD1_S107,0.0810125586686
SZRD1_S74,-0.0385524731202
TACC2_S2317_S2321,-0.276075553621
TACC2_S2569,-0.117293953894
TADA2A_T127,-0.211246913698
TAF12_S51,-0.041569135492
TAF15_T235,-0.281352532995
TAF1_T312,0.46204024375
TAF1_T521,-0.974171312562
TAF7_S264,-0.163891309632
TANC1_S214,0.311082467426
TANC1_S444,-0.238305371578
TANC1_T687,-0.601475955921
TANC2_S1579,1.45955012525
TANK_S129,-0.0787902596663
TAOK1_S9,0.511878336788
TARBP2_S156,0.162242577931
TBC1D10A_S407,0.249899327927
TBC1D10B_S22,-0.12839538205
TBC1D17_S602_S604,0.435244101351
TBC1D4_S341,0.279309796241
TCEA1_S100,-0.301373117012
TCOF1_S1111,-0.871043939706
TCOF1_S1201_S1204,-0.5922505489
TCOF1_S1228,-1.85256699624
TCOF1_S1257,-1.33023975245
TCOF1_S1376,-1.14636074189
TCOF1_S1378,-1.33244041094
TCOF1_S381,-1.41864031876
TCOF1_S503,-1.48522314601
TCOF1_S582,-1.30780944344
TCOF1_S906,-1.46468902336
TCOF1_T1106,-1.32580317554
TCOF1_T1270,-2.13511962545
TCOF1_T533,-1.73347044005
TCOF1_T914,-1.23819310492
TCP11_S391,0.940168642053
TELO2_S637,0.207067231331
TEP1_S397,-0.0480357155491
TERF2IP_S203,-0.487815096121
TERF2IP_Y195_S206,-0.127383707989
TERF2_S365,-0.522277226654
TEX15_S30,0.13947095474
TFAP2D_S362_T365,-0.0346282612873
TFAP4_S124,-0.0736251160883
TFG_S193_S197,1.08073596817
TFG_S197,0.880669318057
TFIP11_S59,-0.465704741131
TFIP11_S98,-0.358272272947
TFPT_S249,-1.1778588256
THOC2_S1417,-0.0423579879179
THOC5_S307_S312_S314,0.0860859932805
THOC5_S312_S314,0.0917946243836
THOC5_Y573,1.84468405641
THRAP3_S243,0.0561201984319
THRAP3_S248_S253,-0.628602969314
THRAP3_S315_S320,-0.0752733254374
THRAP3_S320,0.526154965097
THRAP3_S624,0.0942722336654
THRAP3_S682,-0.354641912808
THRAP3_S698,-0.335578676142
THRAP3_S928,-0.130975177155
THRAP3_S928_S939,-0.357904035121
THUMPD1_S86_S88,-0.161680885824
THUMPD1_S88,0.128405724081
TICRR_S1750,-0.94172546899
TJAP1_T422,0.381838230151
TJP1_S1111,-0.0823803935428
TJP1_S125,0.345934063106
TJP1_S125_S131,0.103450338762
TJP1_S175,0.402465749623
TJP1_S175_S178,0.475399780341
TJP1_S277,0.00732247173028
TJP1_S617,0.782229230096
TJP1_S927,-0.41955531466
TJP2_S1068,-0.853801429595
TJP2_S130,-0.671798339315
TJP2_S913,-0.375133874133
TJP2_S986,-1.06995803799
TJP2_T1131,-1.57107887292
TKTL2_S410,-0.550396902919
TKT_S105,-1.01927389471
TKT_Y202,-1.31012867787
TLK1_Y634_Y636,0.172048956715
TLK2_S111,0.349149234939
TLN1_S729,0.418798007623
TLN1_S979,0.250945103252
TLN1_S981,0.53037963957
TLN1_T1700,-0.0428017183535
TLN1_T1704,0.363000902948
TLN2_Y1779,-0.0626170782153
TMCC1_S413,0.209713440673
TMED2_T123,0.0727526273131
TMEM115_T329,-0.914558554733
TMEM132A_S913,0.394089577935
TMEM209_S98,-0.284042880415
TMEM214_T97,-1.00128764453
TMEM230_T25,0.515941903359
TMEM87A_S475,0.732158179728
TMEM87A_S540,-0.179386437183
TMEM87B_S469,0.872513278876
TMF1_T401,-0.0927949960378
TMOD3_S25,0.212314980835
TMPO_S184,-0.865866900592
TMPO_S306,-0.611618072569
TMPO_S351,-0.061228569016
TMSB4X_T23,1.30103109944
TNFRSF21_S541,0.0473563336747
TNIK_S680,0.340182581312
TNIK_S688,0.227472942109
TNIK_S707,0.44905804938
TNIP1_S434_S435,0.786000356773
TNIP1_S79,-1.17114351643
TNKS1BP1_S178,-0.180410734386
TNKS1BP1_S429,0.453068598028
TNKS1BP1_S672,-0.192200168386
TNKS1BP1_S691,0.160279156633
TNKS1BP1_S717,-0.00820955456423
TNKS1BP1_S762,-0.628637547922
TNKS1BP1_S893,-0.133998066065
TNRC6A_S943,-0.223294723603
TNRC6B_S1512,0.0767291081446
TNS1_S1314,0.0187493172559
TNS1_S1381,0.514893550241
TNS1_S338,1.23383637851
TNS1_T1173,0.204370975905
TNS2_T1106,0.355636376313
TNS3_S332,0.685897324978
TNS3_S690,0.729268773102
TNS3_S776,0.552747322716
TNS3_T712,0.16703226045
TOM1_T164,0.315895245891
TOMM22_S128_S137,-0.252685441439
TOMM70_S91,0.24364532458
TOP1_S394,-0.0782860481679
TOP2A_S1247,-0.376235755532
TOP2A_S1393,-0.139205539396
TOP2A_T1406,-0.28638581872
TOP2B_S1400,0.348467709447
TOP2B_S1400_S1413_S1424,-0.474602415748
TOP2B_S1461_S1466,-0.554701803899
TOP2B_S1466,-0.0461151053753
TOP2B_S1522_S1524,-0.265187127475
TOP2B_S1581,0.0291541355815
TOR1AIP1_S143,-0.884692035626
TP53BP1_S1028,-0.169942100209
TP53BP1_S1068,0.235262396593
TP53BP1_S1094_S1101,0.430255784705
TP53BP1_S1114,0.521553009162
TP53BP1_S1317,0.820599326277
TP53BP1_S1678,0.275497827461
TP53BP1_S1758_S1759,0.157468954632
TP53BP1_S1759,0.149565199407
TP53BP1_S366,0.15740617271
TP53BP1_S380,0.406100950455
TP53BP1_S500,0.601095736677
TP53BP1_S580,1.02143952815
TP53BP1_S727,-0.152963007664
TP53BP1_T1648,0.648737786046
TP53BP1_T302,0.766812276517
TP53_S314,0.355293578503
TPD52_S223,-0.851889552841
TPD52_S94,-0.7675734203
TPI1_S58,0.139864636756
TPRN_S418,0.0532941388779
TPR_S379,-0.132093521996
TPT1_S15,0.310989600733
TPX2_S738,-0.42248072698
TRA2A_T202,-0.183533420219
TRA2B_T201,-0.18350019976
TRAF5_S490,-0.494510358235
TRAM1_S365,-0.363994278027
TRIM11_S85,-0.140927282833
TRIM24_S811,-0.312561339414
TRIM25_S100,0.081798460866
TRIM28_S473,-0.332581350291
TRIM28_S50,-0.113357137671
TRIM28_S828,0.745531535552
TRIM28_T418,-0.245146705388
TRIM33_S1119,-0.501576788747
TRIOBP_S1796,-0.163421760692
TRIOBP_T1952,-0.160977930581
TRIO_S1723,-0.0351323615904
TRIO_S1785_S1786,-0.135270092361
TRIO_S2429,-0.212717130265
TRIP11_S1842,-0.0882948529563
TRIP11_S1891,0.0979078287792
TRIP12_S100,-1.00288538043
TRMT10C_S225_S230,0.101983377824
TRPA1_S510_S522,-0.27273482013
TRPM7_S1255,0.107194089431
TSC22D4_S158,0.0531096913467
TSC22D4_Y268,0.537643669482
TSC2_S1411,0.48013801124
TSSC4_S132,0.0204048746253
TTC33_T194,-0.544618694134
TTC7A_S51,-0.142585113515
TTC7A_S53,-0.285913588189
TTC7B_S162,-0.184962031836
TTF1_S64,-0.0274364160176
TTLL12_S16,-0.848748323934
TTYH3_S496,-0.493534536718
TUBA4A_S48,-0.107972207341
TUBB2A_S201,0.462964723039
TUBB2A_T199,0.543340380814
TUBB6_T237,0.486307950925
TUBB6_Y36,0.960418153262
U2AF2_S79,-0.548880684317
UACA_T1211,-0.0713684181813
UBA1_S13,-0.284877544015
UBA1_S13_S21,-0.154267140709
UBA6_S817,0.215202478156
UBA6_T34,1.35944411171
UBAP1_S146,0.0684487690732
UBAP2L_S454,-0.316158250107
UBAP2L_S609,-0.315620510437
UBE2J1_T267,0.224666305088
UBE2O_S401,0.109289412685
UBE2O_S836_T838,0.0395724377248
UBE4B_S229,-0.064532716162
UBE4B_S31,-0.0494753737129
UBL7_S230,-0.941495120961
UBN1_S1031,0.18559203115
UBQLN1_S226,0.233929093779
UBR4_S2719,-0.258680779087
UBR5_S2028,-0.146860074009
UBR5_S2434_S2437,-0.59092935343
UBXN1_S200,0.0879710814413
UBXN7_S248,0.2973017491
UBXN7_S249,0.76103557159
UBXN7_S270,0.348482944598
UFL1_S458,-0.0473671417037
UNC13D_S150,2.05965086491
URB1_T1488_T1491_S1500,-0.200604929793
USP14_S143,1.11489954745
USP24_S1123,0.0490478012721
USP24_S1141,0.684260348184
USP24_S2047,0.453923515866
USP24_S2561,0.475667993661
USP27X_S427,-0.0980323867369
USP28_S279,0.0946670345139
USP32_T1326,-0.0289994741624
USP36_S546,-0.217081476504
USP36_S713,0.0250637256321
USP54_S1036,-0.370662471532
UTP20_S2601,-0.20770497551
UVRAG_S498,0.0277095441077
VARS_S613,-0.288076460056
VCL_S346,0.292868731359
VCL_S434,0.401442080481
VCL_S721,0.34209682794
VCL_T604,0.290598025237
VCL_Y822,0.230948614622
VCX2_S27,-0.35141125935
VDAC1_S102,-0.426484486404
VDAC1_S104,-0.539068230472
VDAC2_T113,-0.455075706048
VDAC3_T182,-0.625355384387
VIM_S56,2.44671409222
VIM_S83,1.95568069161
VIPAS39_S121,0.36760602888
VPRBP_S1000,0.181159793561
VPS13D_S1034,-0.132641394341
VPS37A_S289,-0.411546491275
VRK3_T58,-0.406972721146
WAC_Y95,0.0719136291292
WBP4_S258_S262,-0.275012413099
WBP4_S262,0.122886153929
WDFY4_T777,0.0520981388592
WDHD1_S333,-0.152723330872
WDHD1_S383,-0.196581320513
WDHD1_S407,-0.398084203724
WDHD1_S868,-0.467250097045
WDR11_T1177,-0.460034632898
WDR20_S434,-0.0603785358728
WDR3_S869,-0.0684717477674
WDR44_S161,0.549903393172
WDR44_S262,0.684133519087
WDR62_S1144,-0.835282218571
WDR62_S1228,-0.863120570426
WDR62_S1405,-0.333607207894
WDR62_S33,-0.9981198513
WDR70_S638,-0.772358759107
WDR75_S796,-1.18253237903
WEE1_S165_T173,-0.0148641432359
WEE1_S539_T543,-0.3606071762
WIPF2_S235,0.332803905715
WIZ_S983,-0.502868044235
WNK1_S2012,0.233237394015
WNT2_T357,-0.347483924778
WRNIP1_S65,-0.272920259738
WRNIP1_S75,-0.296055622736
WWC2_S269,-0.277864113795
WWTR1_S117,-0.266606638622
WWTR1_S89,-0.181047867299
XIAP_S421_S426,0.582374213786
XKR3_S72,0.127239453167
XPO6_T204_S208,0.128289181465
XRCC1_S241,-0.302045404022
XRCC1_S266,-0.284539451826
XRCC1_S446,-0.414170322081
XRCC1_S446_T453,-0.250133402294
XRCC6_S520,-0.468342573194
XRCC6_T455,-0.9506962202
XRCC6_Y103,-0.280286035444
XRN2_T702,-0.0773441480427
YAP1_S109,0.0198367794106
YAP1_S131,0.0233982523467
YAP1_S164,0.52625075782
YAP1_S61,1.09889037689
YAP1_T63,0.593414485864
YEATS2_S536,-0.0804523319472
YEATS2_S872,0.543066352895
YLPM1_S634,0.0402041451505
YRDC_S37,-0.0162624615046
YTHDC1_S308,-0.131218158018
YTHDC1_S424,-0.165978381151
ZAK_S637,0.375717727289
ZAK_S691,-0.299780442463
ZBED4_S1053,-0.596059283761
ZBTB38_S130,-0.545633882213
ZC3H11A_S132,-0.3978508972
ZC3H11A_T321,-0.687909286189
ZC3H11A_T762,-0.462103219785
ZC3H13_S198,-0.180356877192
ZC3H13_T1033,0.0888458092449
ZC3H13_T263_S265,-0.0656542512311
ZC3H13_T364,-0.273091157721
ZC3H14_S409,-0.127598613006
ZC3H18_S842,-0.293411020111
ZC3H4_S159,-0.0566926108065
ZC3H7B_S233_S239,-0.735606147693
ZC3H7B_T240,0.282143583963
ZC3HAV1_S275,0.0903048001754
ZC3HC1_S321,-0.72951754822
ZC3HC1_S395,-0.631237535332
ZDHHC14_T141_Y146,0.439005585482
ZDHHC5_S380,0.0700864093484
ZDHHC5_S529,-0.10962804885
ZDHHC5_S593,0.025372369967
ZDHHC5_S694,0.124705555277
ZFAND3_S129,-0.39089616772
ZFC3H1_S1303_S1304,-0.558815387728
ZFC3H1_S655,-0.377169173386
ZFP91_S83,-0.0644570964569
ZFYVE1_T267,-0.441671952406
ZHX2_S719,-0.0115675838881
ZMYM3_S464,-0.297281086901
ZMYM3_S54,0.0244188772979
ZMYND8_S488_S490,-0.238490318618
ZMYND8_S490,0.0130482336777
ZMYND8_S547,-0.163399791951
ZMYND8_S682,-0.350779168464
ZNF106_S1328,-0.244024607208
ZNF106_S1370,0.156960837125
ZNF106_S400,-0.404759323483
ZNF148_S306,-0.205516251297
ZNF318_S1037,-0.0882997343922
ZNF318_S1037_S1043,-0.0835702236797
ZNF318_S136,-0.219986631973
ZNF318_S1971,-0.0629265742053
ZNF330_S291,0.531191756566
ZNF347_Y143,-0.145275544027
ZNF362_S404,0.333682521709
ZNF385D_S352_S353,0.171498181461
ZNF532_S317,0.373514867868
ZNF573_S173,0.189339311879
ZNF585A_S493_S497,0.220341664484
ZNF592_S1089,0.234052446416
ZNF592_S691,0.0795636675887
ZNF608_S627,-0.25123162449
ZNF608_S964,-0.429385659486
ZNF609_S491,-0.006757995449
ZNF638_S1100,-0.33401862062
ZNF638_S508_S510,-0.231084809382
ZNF638_S605,-0.333655758705
ZNF687_S183,-0.0697392471852
ZNF687_S253,-0.513306371786
ZNF687_S253_S266_S271_S275,-0.582079292002
ZNF687_S433,-0.204213427597
ZNF784_S40,0.66394089237
ZNF800_S419,-0.0955045270488
ZNHIT3_S80,-0.656933424434
ZRANB2_S188,0.0775199645111
ZYX_S143,-0.164808368432
ZYX_S259,0.331192037954
ZYX_S281,-0.316727211858
ZYX_S308,0.0245321936971
ZYX_S344,0.0952213721
